{"content":[{"id":"64e89a09","settings":{"background_background":"classic","background_overlay_background":"classic","background_overlay_image":{"id":203,"url":"https:\/\/kitpapa.net\/towy\/wp-content\/uploads\/2023\/06\/male-road-worker-monitoring-car-loading-process-2022-02-16-17-24-50-utc.jpg","alt":"","source":"library","size":""},"background_overlay_position":"center center","background_overlay_repeat":"no-repeat","background_overlay_size":"cover","background_overlay_opacity":{"unit":"px","size":0.3,"sizes":[]},"margin":{"unit":"px","top":"0","right":0,"bottom":"0","left":0,"isLinked":false},"padding":{"unit":"px","top":"200","right":"0","bottom":"200","left":"0","isLinked":false},"__globals__":{"background_color":"globals\/colors?id=text"},"_title":"Hero Banner","padding_tablet":{"unit":"px","top":"160","right":"0","bottom":"160","left":"0","isLinked":false},"padding_mobile":{"unit":"px","top":"120","right":"0","bottom":"120","left":"0","isLinked":false}},"elements":[{"id":"7b66ef83","settings":{"_column_size":100,"_inline_size":null,"margin":{"unit":"px","top":"0","right":"0","bottom":"0","left":"0","isLinked":false},"padding":{"unit":"px","top":"0","right":"0","bottom":"0","left":"0","isLinked":false},"padding_tablet":{"unit":"px","top":"0","right":"0","bottom":"0","left":"20","isLinked":false},"padding_mobile":{"unit":"px","top":"0","right":"10","bottom":"0","left":"20","isLinked":false}},"elements":[{"id":"726ec8c4","settings":{"title":"Roadside Assistance, When You Need It The Most","header_size":"h4","__globals__":{"title_color":"globals\/colors?id=d82685b"}},"elements":[],"isInner":false,"widgetType":"heading","elType":"widget"},{"id":"2c8a3f9a","settings":{"space":{"unit":"px","size":20,"sizes":[]}},"elements":[],"isInner":false,"widgetType":"spacer","elType":"widget"},{"id":"26d2b20e","settings":{"title":"The Highest Quality","header_size":"h1","__globals__":{"title_color":"globals\/colors?id=d82685b"}},"elements":[],"isInner":false,"widgetType":"heading","elType":"widget"},{"id":"6b2bdb0f","settings":{"space":{"unit":"px","size":10,"sizes":[]},"space_mobile":{"unit":"px","size":0,"sizes":[]}},"elements":[],"isInner":false,"widgetType":"spacer","elType":"widget"},{"id":"4db53256","settings":{"title":"Towing Services","header_size":"h1","__globals__":{"title_color":"globals\/colors?id=primary"},"_animation":"fadeInLeft"},"elements":[],"isInner":false,"widgetType":"heading","elType":"widget"},{"id":"6b388f3b","settings":[],"elements":[],"isInner":false,"widgetType":"spacer","elType":"widget"},{"id":"14b1607d","settings":{"width":{"unit":"px","size":100,"sizes":[]},"text":"Divider","weight":{"unit":"px","size":5,"sizes":[]},"gap":{"unit":"px","size":0,"sizes":[]},"__globals__":{"color":"globals\/colors?id=31a16b8"},"_animation":"fadeInLeft","_animation_delay":300},"elements":[],"isInner":false,"widgetType":"divider","elType":"widget"}],"isInner":false,"elType":"column"}],"isInner":false,"elType":"section"},{"id":"48b2ef7f","settings":{"structure":"20","margin":{"unit":"px","top":"0","right":0,"bottom":"0","left":0,"isLinked":false},"padding":{"unit":"px","top":"0","right":"0","bottom":"0","left":"0","isLinked":false},"background_background":"classic","background_overlay_opacity":{"unit":"px","size":1,"sizes":[]},"_title":"Call Us","__globals__":{"background_overlay_color":"globals\/colors?id=secondary","background_color":"globals\/colors?id=secondary"}},"elements":[{"id":"614ef126","settings":{"_column_size":50,"_inline_size":50,"margin":{"unit":"px","top":"0","right":"0","bottom":"0","left":"0","isLinked":false},"padding":{"unit":"px","top":"0","right":"0","bottom":"0","left":"0","isLinked":false},"_inline_size_tablet":35,"hide_mobile":"hidden-phone"},"elements":[],"isInner":false,"elType":"column"},{"id":"4feaf6ea","settings":{"_column_size":50,"_inline_size":50,"background_background":"classic","background_overlay_background":"classic","background_overlay_image":{"id":245,"url":"https:\/\/kitpapa.net\/towy\/wp-content\/uploads\/2023\/06\/2towy-wheel_2-1.png","alt":"","source":"library","size":""},"background_overlay_position":"top left","background_overlay_repeat":"no-repeat","background_overlay_size":"auto","background_overlay_opacity":{"unit":"px","size":0.15,"sizes":[]},"css_filters_css_filter":"custom","css_filters_saturate":{"unit":"px","size":0,"sizes":[]},"overlay_blend_mode":"multiply","border_radius":{"unit":"px","top":"10","right":"10","bottom":"10","left":"10","isLinked":true},"margin":{"unit":"px","top":"-80","right":"0","bottom":"0","left":"0","isLinked":false},"padding":{"unit":"px","top":"50","right":"40","bottom":"50","left":"40","isLinked":false},"__globals__":{"background_color":"globals\/colors?id=primary"},"_inline_size_tablet":65,"margin_tablet":{"unit":"px","top":"-60","right":"20","bottom":"0","left":"0","isLinked":false},"margin_mobile":{"unit":"px","top":"-50","right":"20","bottom":"0","left":"20","isLinked":false},"padding_mobile":{"unit":"px","top":"30","right":"20","bottom":"30","left":"20","isLinked":false},"animation":"fadeInRight","animation_delay":600},"elements":[{"id":"28e333a4","settings":{"title":"24\/7 emergency towing","header_size":"h4","__globals__":{"title_color":"globals\/colors?id=d82685b"}},"elements":[],"isInner":false,"widgetType":"heading","elType":"widget"},{"id":"3b6986bb","settings":{"space":{"unit":"px","size":10,"sizes":[]}},"elements":[],"isInner":false,"widgetType":"spacer","elType":"widget"},{"id":"2d638a5e","settings":{"title":"+88 123 456 789","__globals__":{"title_color":"globals\/colors?id=d82685b"}},"elements":[],"isInner":false,"widgetType":"heading","elType":"widget"}],"isInner":false,"elType":"column"}],"isInner":false,"elType":"section"},{"id":"45b47400","settings":{"structure":"30","background_background":"classic","margin":{"unit":"px","top":"0","right":0,"bottom":"0","left":0,"isLinked":false},"padding":{"unit":"px","top":"100","right":"0","bottom":"100","left":"0","isLinked":false},"__globals__":{"background_color":"globals\/colors?id=secondary"},"_title":"About","padding_tablet":{"unit":"px","top":"80","right":"0","bottom":"80","left":"0","isLinked":false},"padding_mobile":{"unit":"px","top":"60","right":"0","bottom":"60","left":"0","isLinked":false}},"elements":[{"id":"412d3647","settings":{"_column_size":33,"_inline_size":20,"margin":{"unit":"px","top":"0","right":"0","bottom":"0","left":"0","isLinked":false},"padding":{"unit":"px","top":"0","right":"0","bottom":"0","left":"0","isLinked":false}},"elements":[],"isInner":false,"elType":"column"},{"id":"511511bf","settings":{"_column_size":33,"_inline_size":59.332,"background_background":"classic","margin":{"unit":"px","top":"0","right":"0","bottom":"0","left":"0","isLinked":false},"padding":{"unit":"px","top":"0","right":"0","bottom":"0","left":"0","isLinked":false},"padding_mobile":{"unit":"px","top":"0","right":"20","bottom":"0","left":"20","isLinked":false}},"elements":[{"id":"711960f4","settings":{"title":"About","__globals__":{"title_color":"globals\/colors?id=d82685b"}},"elements":[],"isInner":false,"widgetType":"heading","elType":"widget"},{"id":"5e40d106","settings":{"space":{"unit":"px","size":30,"sizes":[]}},"elements":[],"isInner":false,"widgetType":"spacer","elType":"widget"},{"id":"24e0ffd5","settings":{"width":{"unit":"px","size":60,"sizes":[]},"text":"Divider","weight":{"unit":"px","size":5,"sizes":[]},"gap":{"unit":"px","size":0,"sizes":[]},"__globals__":{"color":"globals\/colors?id=31a16b8"},"_animation":"fadeInLeft"},"elements":[],"isInner":false,"widgetType":"divider","elType":"widget"},{"id":"c6598bb","settings":{"space":{"unit":"px","size":30,"sizes":[]}},"elements":[],"isInner":false,"widgetType":"spacer","elType":"widget"},{"id":"37edb6b1","settings":{"title":"Fast and Inexpensive Towing Services","header_size":"h4","__globals__":{"title_color":"globals\/colors?id=d82685b"}},"elements":[],"isInner":false,"widgetType":"heading","elType":"widget"},{"id":"10025805","settings":{"space":{"unit":"px","size":10,"sizes":[]}},"elements":[],"isInner":false,"widgetType":"spacer","elType":"widget"},{"id":"326fd020","settings":{"editor":"<p>Maecenas posuere accumsan laoreet. Donec id sem quam. Mauris pulvinar magna nec odio iaculis tristique. Morbi ex mi, auctor vestibulum ultricies ac, facilisis ac ipsum. Nullam commodo consequat augue, id cursus nisl. Duis lobortis sodales velit, quis maximus urna commodo ultricies. Nam hendrerit dui erat. Donec eu consequat augue. Mauris quis elit dignissim, lacinia odio lacinia, eleifend lorem. Pellentesque ut condimentum augue, et molestie turpis. Morbi porttitor sollicitudin egestas.<\/p>","__globals__":{"text_color":"globals\/colors?id=d82685b","typography_typography":"globals\/typography?id=text"}},"elements":[],"isInner":false,"widgetType":"text-editor","elType":"widget"},{"id":"2ab30b3d","settings":{"space":{"unit":"px","size":30,"sizes":[]}},"elements":[],"isInner":false,"widgetType":"spacer","elType":"widget"},{"id":"21646a0c","settings":{"text":"Know More","_animation":"fadeInLeft","_animation_delay":300},"elements":[],"isInner":false,"widgetType":"button","elType":"widget"}],"isInner":false,"elType":"column"},{"id":"e04d703","settings":{"_column_size":33,"_inline_size":20,"margin":{"unit":"px","top":"0","right":"0","bottom":"0","left":"0","isLinked":false},"padding":{"unit":"px","top":"0","right":"0","bottom":"0","left":"0","isLinked":false}},"elements":[],"isInner":false,"elType":"column"}],"isInner":false,"elType":"section"},{"id":"878c045","settings":{"structure":"22","background_background":"classic","margin":{"unit":"px","top":"0","right":0,"bottom":"0","left":0,"isLinked":false},"padding":{"unit":"px","top":"0","right":"0","bottom":"0","left":"0","isLinked":false},"__globals__":{"background_color":"globals\/colors?id=secondary"},"_title":"Services 1"},"elements":[{"id":"6d0ebfff","settings":{"_column_size":66,"_inline_size":null,"background_background":"classic","background_overlay_background":"classic","background_overlay_image":{"id":207,"url":"https:\/\/kitpapa.net\/towy\/wp-content\/uploads\/2023\/06\/professional-tow-truck-driver-fastening-the-car-fo-2022-11-28-18-50-02-utc.jpg","alt":"","source":"library","size":""},"background_overlay_position":"top center","background_overlay_repeat":"no-repeat","background_overlay_size":"cover","background_overlay_opacity":{"unit":"px","size":0.4,"sizes":[]},"background_overlay_hover_background":"classic","background_overlay_hover_opacity":{"unit":"px","size":0.2,"sizes":[]},"margin":{"unit":"px","top":"0","right":"0","bottom":"0","left":"0","isLinked":false},"padding":{"unit":"px","top":"280","right":"30","bottom":"40","left":"40","isLinked":false},"__globals__":{"background_color":"globals\/colors?id=secondary"},"padding_tablet":{"unit":"px","top":"230","right":"20","bottom":"30","left":"20","isLinked":false},"padding_mobile":{"unit":"px","top":"200","right":"20","bottom":"30","left":"20","isLinked":false}},"elements":[{"id":"611e0d98","settings":{"title":"Accidents Towing","link":{"url":"#","is_external":"","nofollow":"","custom_attributes":""},"header_size":"h3","__globals__":{"title_color":"globals\/colors?id=d82685b"}},"elements":[],"isInner":false,"widgetType":"heading","elType":"widget"}],"isInner":false,"elType":"column"},{"id":"5689d641","settings":{"_column_size":33,"_inline_size":null,"background_background":"classic","background_overlay_background":"classic","background_overlay_image":{"id":211,"url":"https:\/\/kitpapa.net\/towy\/wp-content\/uploads\/2023\/06\/mechanic-changing-car-wheel-in-tire-fitting-2022-12-12-17-00-21-utc.jpg","alt":"","source":"library","size":""},"background_overlay_position":"center center","background_overlay_repeat":"no-repeat","background_overlay_size":"cover","background_overlay_opacity":{"unit":"px","size":0.2,"sizes":[]},"background_overlay_hover_background":"classic","background_overlay_hover_opacity":{"unit":"px","size":0.1,"sizes":[]},"margin":{"unit":"px","top":"0","right":"0","bottom":"0","left":"0","isLinked":false},"padding":{"unit":"px","top":"280","right":"30","bottom":"40","left":"40","isLinked":false},"__globals__":{"background_color":"globals\/colors?id=primary"},"padding_tablet":{"unit":"px","top":"230","right":"20","bottom":"30","left":"20","isLinked":false},"padding_mobile":{"unit":"px","top":"200","right":"20","bottom":"30","left":"20","isLinked":false},"animation":"fadeInRight"},"elements":[{"id":"5a0c9dab","settings":{"title":"Tyre Change","link":{"url":"#","is_external":"","nofollow":"","custom_attributes":""},"header_size":"h3","__globals__":{"title_color":"globals\/colors?id=d82685b"}},"elements":[],"isInner":false,"widgetType":"heading","elType":"widget"}],"isInner":false,"elType":"column"}],"isInner":false,"elType":"section"},{"id":"2c3ce9b7","settings":{"structure":"21","background_background":"classic","margin":{"unit":"px","top":"0","right":0,"bottom":"0","left":0,"isLinked":false},"padding":{"unit":"px","top":"0","right":"0","bottom":"0","left":"0","isLinked":false},"__globals__":{"background_color":"globals\/colors?id=secondary"},"_title":"Services 2"},"elements":[{"id":"5fc880ba","settings":{"_column_size":33,"_inline_size":null,"background_background":"classic","background_overlay_background":"classic","background_overlay_image":{"id":218,"url":"https:\/\/kitpapa.net\/towy\/wp-content\/uploads\/2023\/06\/mechanic-changing-a-car-tire-in-a-workshop-on-a-ca-2023-03-15-08-49-00-utc.jpg","alt":"","source":"library","size":""},"background_overlay_position":"center center","background_overlay_repeat":"no-repeat","background_overlay_size":"cover","background_overlay_opacity":{"unit":"px","size":0.4,"sizes":[]},"background_overlay_hover_background":"classic","background_overlay_hover_opacity":{"unit":"px","size":0.2,"sizes":[]},"margin":{"unit":"px","top":"0","right":"0","bottom":"0","left":"0","isLinked":false},"padding":{"unit":"px","top":"280","right":"30","bottom":"40","left":"40","isLinked":false},"__globals__":{"background_color":"globals\/colors?id=primary"},"padding_tablet":{"unit":"px","top":"230","right":"20","bottom":"30","left":"20","isLinked":false},"padding_mobile":{"unit":"px","top":"200","right":"20","bottom":"30","left":"20","isLinked":false},"animation":"fadeInLeft","animation_delay":300},"elements":[{"id":"7dedfd0","settings":{"title":"Jump Starting","link":{"url":"#","is_external":"","nofollow":"","custom_attributes":""},"header_size":"h3","__globals__":{"title_color":"globals\/colors?id=d82685b"}},"elements":[],"isInner":false,"widgetType":"heading","elType":"widget"}],"isInner":false,"elType":"column"},{"id":"2c3fa07f","settings":{"_column_size":66,"_inline_size":null,"background_background":"classic","background_overlay_background":"classic","background_overlay_image":{"id":216,"url":"https:\/\/kitpapa.net\/towy\/wp-content\/uploads\/2023\/06\/engineer-car-mechanic-under-checking-under-the-car-2023-02-15-00-19-11-utc.jpg","alt":"","source":"library","size":""},"background_overlay_position":"center center","background_overlay_repeat":"no-repeat","background_overlay_size":"cover","background_overlay_opacity":{"unit":"px","size":0.4,"sizes":[]},"background_overlay_hover_background":"classic","background_overlay_hover_opacity":{"unit":"px","size":0.2,"sizes":[]},"margin":{"unit":"px","top":"0","right":"0","bottom":"0","left":"0","isLinked":false},"padding":{"unit":"px","top":"280","right":"30","bottom":"40","left":"40","isLinked":false},"__globals__":{"background_color":"globals\/colors?id=secondary"},"padding_tablet":{"unit":"px","top":"230","right":"20","bottom":"30","left":"20","isLinked":false},"padding_mobile":{"unit":"px","top":"200","right":"20","bottom":"30","left":"20","isLinked":false}},"elements":[{"id":"7ae07070","settings":{"title":"On-Site Repair","link":{"url":"#","is_external":"","nofollow":"","custom_attributes":""},"header_size":"h3","__globals__":{"title_color":"globals\/colors?id=d82685b"}},"elements":[],"isInner":false,"widgetType":"heading","elType":"widget"}],"isInner":false,"elType":"column"}],"isInner":false,"elType":"section"},{"id":"cf0f808","settings":{"structure":"30","background_background":"classic","margin":{"unit":"px","top":"0","right":0,"bottom":"0","left":0,"isLinked":false},"padding":{"unit":"px","top":"0","right":"0","bottom":"0","left":"0","isLinked":false},"__globals__":{"background_color":"globals\/colors?id=secondary"},"_title":"Features"},"elements":[{"id":"40fd2f36","settings":{"_column_size":33,"_inline_size":null,"background_background":"classic","background_overlay_background":"classic","background_overlay_image":{"id":241,"url":"https:\/\/kitpapa.net\/towy\/wp-content\/uploads\/2023\/06\/towy-wheel_2-1.png","alt":"","source":"library","size":""},"background_overlay_position":"top left","background_overlay_repeat":"no-repeat","background_overlay_size":"auto","background_overlay_opacity":{"unit":"px","size":0.1,"sizes":[]},"css_filters_css_filter":"custom","css_filters_saturate":{"unit":"px","size":0,"sizes":[]},"background_overlay_hover_opacity":{"unit":"px","size":0.2,"sizes":[]},"margin":{"unit":"px","top":"0","right":"0","bottom":"0","left":"0","isLinked":false},"padding":{"unit":"px","top":"115","right":"60","bottom":"50","left":"40","isLinked":false},"__globals__":{"background_color":"globals\/colors?id=text"},"padding_tablet":{"unit":"px","top":"90","right":"20","bottom":"30","left":"20","isLinked":false},"padding_mobile":{"unit":"px","top":"70","right":"20","bottom":"30","left":"20","isLinked":false}},"elements":[{"id":"48062018","settings":{"selected_icon":{"value":"far fa-clock","library":"fa-regular"},"align":"left","size":{"unit":"px","size":32,"sizes":[]},"__globals__":{"primary_color":"globals\/colors?id=d82685b"}},"elements":[],"isInner":false,"widgetType":"icon","elType":"widget"},{"id":"48ce7dbd","settings":{"space":{"unit":"px","size":30,"sizes":[]}},"elements":[],"isInner":false,"widgetType":"spacer","elType":"widget"},{"id":"34c6e70d","settings":{"title":"Less than 30 Min Arrival","header_size":"h4","__globals__":{"title_color":"globals\/colors?id=d82685b"}},"elements":[],"isInner":false,"widgetType":"heading","elType":"widget"},{"id":"48623483","settings":{"space":{"unit":"px","size":30,"sizes":[]}},"elements":[],"isInner":false,"widgetType":"spacer","elType":"widget"},{"id":"458681e9","settings":{"editor":"<p>Lorem ipsum dolor sit amet, consectetur adipiscing elit.\u00a0<\/p>","__globals__":{"text_color":"globals\/colors?id=d82685b"}},"elements":[],"isInner":false,"widgetType":"text-editor","elType":"widget"}],"isInner":false,"elType":"column"},{"id":"5829edd1","settings":{"_column_size":33,"_inline_size":null,"background_background":"classic","background_overlay_background":"classic","background_overlay_image":{"id":245,"url":"https:\/\/kitpapa.net\/towy\/wp-content\/uploads\/2023\/06\/2towy-wheel_2-1.png","alt":"","source":"library","size":""},"background_overlay_position":"top left","background_overlay_repeat":"no-repeat","background_overlay_size":"auto","background_overlay_opacity":{"unit":"px","size":0.15,"sizes":[]},"css_filters_css_filter":"custom","css_filters_saturate":{"unit":"px","size":0,"sizes":[]},"background_overlay_hover_opacity":{"unit":"px","size":0.2,"sizes":[]},"margin":{"unit":"px","top":"0","right":"0","bottom":"0","left":"0","isLinked":false},"padding":{"unit":"px","top":"115","right":"60","bottom":"50","left":"40","isLinked":false},"__globals__":{"background_color":"globals\/colors?id=primary"},"padding_tablet":{"unit":"px","top":"90","right":"20","bottom":"30","left":"20","isLinked":false},"padding_mobile":{"unit":"px","top":"70","right":"20","bottom":"30","left":"20","isLinked":false},"animation":"fadeInRight","animation_delay":600},"elements":[{"id":"50745dc","settings":{"selected_icon":{"value":"fas fa-phone","library":"fa-solid"},"align":"left","size":{"unit":"px","size":32,"sizes":[]},"__globals__":{"primary_color":"globals\/colors?id=text"}},"elements":[],"isInner":false,"widgetType":"icon","elType":"widget"},{"id":"613d6a58","settings":{"space":{"unit":"px","size":30,"sizes":[]}},"elements":[],"isInner":false,"widgetType":"spacer","elType":"widget"},{"id":"4f8bd9fa","settings":{"title":"24\/7 service\u200b Call<br\/>\n+88 123 456 789","header_size":"h4","__globals__":{"title_color":"globals\/colors?id=text"}},"elements":[],"isInner":false,"widgetType":"heading","elType":"widget"},{"id":"2c9e157e","settings":{"space":{"unit":"px","size":30,"sizes":[]}},"elements":[],"isInner":false,"widgetType":"spacer","elType":"widget"},{"id":"3381522","settings":{"editor":"<p>Mauris pulvinar magna odio iaculis tristique. Mauctor vestibulum ac ipsum.<\/p>","__globals__":{"text_color":"globals\/colors?id=text"}},"elements":[],"isInner":false,"widgetType":"text-editor","elType":"widget"}],"isInner":false,"elType":"column"},{"id":"39e0742f","settings":{"_column_size":33,"_inline_size":null,"background_background":"classic","background_overlay_background":"classic","background_overlay_image":{"id":246,"url":"https:\/\/kitpapa.net\/towy\/wp-content\/uploads\/2023\/06\/3towy-wheel_2-1.png","alt":"","source":"library","size":""},"background_overlay_position":"top left","background_overlay_repeat":"no-repeat","background_overlay_size":"auto","background_overlay_opacity":{"unit":"px","size":0.1,"sizes":[]},"css_filters_css_filter":"custom","css_filters_saturate":{"unit":"px","size":0,"sizes":[]},"background_overlay_hover_opacity":{"unit":"px","size":0.2,"sizes":[]},"margin":{"unit":"px","top":"0","right":"0","bottom":"0","left":"0","isLinked":false},"padding":{"unit":"px","top":"115","right":"60","bottom":"50","left":"40","isLinked":false},"__globals__":{"background_color":"globals\/colors?id=31b7c84"},"padding_tablet":{"unit":"px","top":"90","right":"20","bottom":"30","left":"20","isLinked":false},"padding_mobile":{"unit":"px","top":"70","right":"20","bottom":"30","left":"20","isLinked":false}},"elements":[{"id":"65415e64","settings":{"selected_icon":{"value":"fas fa-dollar-sign","library":"fa-solid"},"align":"left","size":{"unit":"px","size":32,"sizes":[]},"__globals__":{"primary_color":"globals\/colors?id=d82685b"}},"elements":[],"isInner":false,"widgetType":"icon","elType":"widget"},{"id":"3421e15c","settings":{"space":{"unit":"px","size":30,"sizes":[]}},"elements":[],"isInner":false,"widgetType":"spacer","elType":"widget"},{"id":"750fbf6f","settings":{"title":"Affordable Prices Always","header_size":"h4","__globals__":{"title_color":"globals\/colors?id=d82685b"}},"elements":[],"isInner":false,"widgetType":"heading","elType":"widget"},{"id":"3116ce3","settings":{"space":{"unit":"px","size":30,"sizes":[]}},"elements":[],"isInner":false,"widgetType":"spacer","elType":"widget"},{"id":"1ff0c51a","settings":{"editor":"<p>Duis lobortis quis maximus urna commodo ultricies hendrerit dui erat.<\/p>","__globals__":{"text_color":"globals\/colors?id=d82685b"}},"elements":[],"isInner":false,"widgetType":"text-editor","elType":"widget"}],"isInner":false,"elType":"column"}],"isInner":false,"elType":"section"},{"id":"4356c650","settings":{"structure":"30","background_background":"classic","margin":{"unit":"px","top":"0","right":0,"bottom":"0","left":0,"isLinked":false},"padding":{"unit":"px","top":"100","right":"0","bottom":"100","left":"0","isLinked":false},"__globals__":{"background_color":"globals\/colors?id=secondary"},"_title":"Testimonials","padding_tablet":{"unit":"px","top":"80","right":"0","bottom":"80","left":"0","isLinked":false},"padding_mobile":{"unit":"px","top":"60","right":"0","bottom":"60","left":"0","isLinked":false}},"elements":[{"id":"59f106f1","settings":{"_column_size":33,"_inline_size":15,"margin":{"unit":"px","top":"0","right":"0","bottom":"0","left":"0","isLinked":false},"padding":{"unit":"px","top":"0","right":"0","bottom":"0","left":"0","isLinked":false}},"elements":[],"isInner":false,"elType":"column"},{"id":"73399cae","settings":{"_column_size":33,"_inline_size":69.332,"margin":{"unit":"px","top":"0","right":"0","bottom":"0","left":"0","isLinked":false},"padding":{"unit":"px","top":"0","right":"0","bottom":"0","left":"0","isLinked":false},"__globals__":{"background_color":"globals\/colors?id=secondary"}},"elements":[{"id":"3429c6ec","settings":{"title":"Testimonials","align":"center","__globals__":{"title_color":"globals\/colors?id=d82685b"}},"elements":[],"isInner":false,"widgetType":"heading","elType":"widget"},{"id":"1df789aa","settings":{"space":{"unit":"px","size":30,"sizes":[]}},"elements":[],"isInner":false,"widgetType":"spacer","elType":"widget"},{"id":"2030adfd","settings":{"width":{"unit":"px","size":60,"sizes":[]},"text":"Divider","weight":{"unit":"px","size":5,"sizes":[]},"gap":{"unit":"px","size":0,"sizes":[]},"__globals__":{"color":"globals\/colors?id=31a16b8"},"align":"center","_animation":"fadeInLeft"},"elements":[],"isInner":false,"widgetType":"divider","elType":"widget"},{"id":"483a7e71","settings":[],"elements":[],"isInner":false,"widgetType":"spacer","elType":"widget"},{"id":"7bddeee","settings":{"structure":"20","margin":{"unit":"px","top":"0","right":0,"bottom":"0","left":0,"isLinked":false},"padding":{"unit":"px","top":"0","right":"0","bottom":"0","left":"0","isLinked":false}},"elements":[{"id":"76edf424","settings":{"_column_size":50,"_inline_size":30,"margin":{"unit":"px","top":"0","right":"0","bottom":"0","left":"0","isLinked":false},"padding":{"unit":"px","top":"0","right":"80","bottom":"0","left":"30","isLinked":false},"padding_mobile":{"unit":"px","top":"0","right":"20","bottom":"20","left":"20","isLinked":false}},"elements":[{"id":"3f595131","settings":{"image":{"id":251,"url":"https:\/\/kitpapa.net\/towy\/wp-content\/uploads\/2023\/06\/young-woman-smiling-and-talking-a-selfie-.jpg","alt":"","source":"library","size":""},"image_size":"custom","image_custom_dimension":{"width":"100","height":"100"},"_mask_switch":"yes"},"elements":[],"isInner":false,"widgetType":"image","elType":"widget"},{"id":"57ed5435","settings":{"space":{"unit":"px","size":20,"sizes":[]}},"elements":[],"isInner":false,"widgetType":"spacer","elType":"widget"},{"id":"1808802a","settings":{"title":"Christine Lawson","header_size":"h6","align":"center","__globals__":{"title_color":"globals\/colors?id=d82685b","typography_typography":"globals\/typography?id=primary"}},"elements":[],"isInner":false,"widgetType":"heading","elType":"widget"}],"isInner":true,"elType":"column"},{"id":"7719f3d5","settings":{"_column_size":50,"_inline_size":70,"content_position":"center","margin":{"unit":"px","top":"0","right":"0","bottom":"0","left":"0","isLinked":false},"padding":{"unit":"px","top":"0","right":"20","bottom":"0","left":"0","isLinked":false},"padding_mobile":{"unit":"px","top":"0","right":"20","bottom":"0","left":"20","isLinked":false}},"elements":[{"id":"654397e0","settings":{"selected_icon":{"value":"fas fa-quote-left","library":"fa-solid"},"align":"left","size":{"unit":"px","size":18,"sizes":[]},"__globals__":{"primary_color":"globals\/colors?id=31a16b8"}},"elements":[],"isInner":false,"widgetType":"icon","elType":"widget"},{"id":"80541fa","settings":{"space":{"unit":"px","size":10,"sizes":[]}},"elements":[],"isInner":false,"widgetType":"spacer","elType":"widget"},{"id":"790bab6d","settings":{"editor":"<p>Lorem ipsum dolor sit amet, consectetur adipiscing elit. Maecenas posuere accumsan laoreet. Donec id sem quam. Mauris pulvinar magna nec odio iaculis tristique.<\/p>","__globals__":{"text_color":"globals\/colors?id=d82685b"}},"elements":[],"isInner":false,"widgetType":"text-editor","elType":"widget"},{"id":"2f25086","settings":{"selected_icon":{"value":"fas fa-quote-right","library":"fa-solid"},"align":"right","size":{"unit":"px","size":18,"sizes":[]},"__globals__":{"primary_color":"globals\/colors?id=primary"}},"elements":[],"isInner":false,"widgetType":"icon","elType":"widget"}],"isInner":true,"elType":"column"}],"isInner":true,"elType":"section"},{"id":"39d5403b","settings":{"space":{"unit":"px","size":30,"sizes":[]}},"elements":[],"isInner":false,"widgetType":"spacer","elType":"widget"},{"id":"644f7057","settings":{"text":"Divider","gap":{"unit":"px","size":0,"sizes":[]},"__globals__":{"color":"globals\/colors?id=31b7c84"}},"elements":[],"isInner":false,"widgetType":"divider","elType":"widget"},{"id":"1ca7262","settings":{"space":{"unit":"px","size":40,"sizes":[]}},"elements":[],"isInner":false,"widgetType":"spacer","elType":"widget"},{"id":"4cfb2c17","settings":{"structure":"20","margin":{"unit":"px","top":"0","right":0,"bottom":"0","left":0,"isLinked":false},"padding":{"unit":"px","top":"0","right":"0","bottom":"0","left":"0","isLinked":false}},"elements":[{"id":"80bb7eb","settings":{"_column_size":50,"_inline_size":30,"margin":{"unit":"px","top":"0","right":"0","bottom":"0","left":"0","isLinked":false},"padding":{"unit":"px","top":"0","right":"80","bottom":"0","left":"30","isLinked":false},"padding_mobile":{"unit":"px","top":"0","right":"20","bottom":"20","left":"20","isLinked":false}},"elements":[{"id":"395ccf3f","settings":{"image":{"id":250,"url":"https:\/\/kitpapa.net\/towy\/wp-content\/uploads\/2023\/06\/young-beautiful-woman-smiling-and-taking-selfie-ph.jpg","alt":"","source":"library","size":""},"image_size":"custom","image_custom_dimension":{"width":"100","height":"100"},"_mask_switch":"yes"},"elements":[],"isInner":false,"widgetType":"image","elType":"widget"},{"id":"20a92682","settings":{"space":{"unit":"px","size":20,"sizes":[]}},"elements":[],"isInner":false,"widgetType":"spacer","elType":"widget"},{"id":"30e2c0aa","settings":{"title":"Carolyn Carpenter","header_size":"h6","align":"center","__globals__":{"title_color":"globals\/colors?id=d82685b","typography_typography":"globals\/typography?id=primary"}},"elements":[],"isInner":false,"widgetType":"heading","elType":"widget"}],"isInner":true,"elType":"column"},{"id":"e0d3c05","settings":{"_column_size":50,"_inline_size":70,"content_position":"center","margin":{"unit":"px","top":"0","right":"0","bottom":"0","left":"0","isLinked":false},"padding":{"unit":"px","top":"0","right":"20","bottom":"0","left":"0","isLinked":false},"padding_mobile":{"unit":"px","top":"0","right":"20","bottom":"0","left":"20","isLinked":false}},"elements":[{"id":"559636f","settings":{"selected_icon":{"value":"fas fa-quote-left","library":"fa-solid"},"align":"left","size":{"unit":"px","size":18,"sizes":[]},"__globals__":{"primary_color":"globals\/colors?id=31a16b8"}},"elements":[],"isInner":false,"widgetType":"icon","elType":"widget"},{"id":"277c30f8","settings":{"space":{"unit":"px","size":10,"sizes":[]}},"elements":[],"isInner":false,"widgetType":"spacer","elType":"widget"},{"id":"4b32a723","settings":{"editor":"<p>Nullam commodo consequat augue, id cursus nisl. Duis lobortis sodales velit, quis maximus urna commodo ultricies. Nam hendrerit dui erat. Donec eu consequat augue. Mauris quis elit dignissim, lacinia odio lacinia, eleifend lorem.<\/p>","__globals__":{"text_color":"globals\/colors?id=d82685b"}},"elements":[],"isInner":false,"widgetType":"text-editor","elType":"widget"},{"id":"13ad17cc","settings":{"selected_icon":{"value":"fas fa-quote-right","library":"fa-solid"},"align":"right","size":{"unit":"px","size":18,"sizes":[]},"__globals__":{"primary_color":"globals\/colors?id=primary"}},"elements":[],"isInner":false,"widgetType":"icon","elType":"widget"}],"isInner":true,"elType":"column"}],"isInner":true,"elType":"section"}],"isInner":false,"elType":"column"},{"id":"23578179","settings":{"_column_size":33,"_inline_size":15,"margin":{"unit":"px","top":"0","right":"0","bottom":"0","left":"0","isLinked":false},"padding":{"unit":"px","top":"0","right":"0","bottom":"0","left":"0","isLinked":false}},"elements":[],"isInner":false,"elType":"column"}],"isInner":false,"elType":"section"},{"id":"64d2a526","settings":{"structure":"30","background_background":"classic","background_overlay_background":"classic","background_overlay_image":{"id":218,"url":"https:\/\/kitpapa.net\/towy\/wp-content\/uploads\/2023\/06\/mechanic-changing-a-car-tire-in-a-workshop-on-a-ca-2023-03-15-08-49-00-utc.jpg","alt":"","source":"library","size":""},"background_overlay_position":"center center","background_overlay_attachment":"fixed","background_overlay_repeat":"no-repeat","background_overlay_size":"cover","background_overlay_opacity":{"unit":"px","size":0.1,"sizes":[]},"margin":{"unit":"px","top":"0","right":0,"bottom":"0","left":0,"isLinked":false},"padding":{"unit":"px","top":"100","right":"0","bottom":"160","left":"0","isLinked":false},"__globals__":{"background_color":"globals\/colors?id=primary"},"padding_tablet":{"unit":"px","top":"80","right":"0","bottom":"120","left":"0","isLinked":false},"padding_mobile":{"unit":"px","top":"60","right":"0","bottom":"90","left":"0","isLinked":false},"_title":"Divider Banner","animation":"none"},"elements":[{"id":"5f34c47a","settings":{"_column_size":33,"_inline_size":15,"margin":{"unit":"px","top":"0","right":"0","bottom":"0","left":"0","isLinked":false},"padding":{"unit":"px","top":"0","right":"0","bottom":"0","left":"0","isLinked":false}},"elements":[],"isInner":false,"elType":"column"},{"id":"3358a863","settings":{"_column_size":33,"_inline_size":69.332,"margin":{"unit":"px","top":"0","right":"0","bottom":"0","left":"0","isLinked":false},"padding":{"unit":"px","top":"0","right":"0","bottom":"0","left":"0","isLinked":false},"padding_mobile":{"unit":"px","top":"0","right":"20","bottom":"0","left":"20","isLinked":false}},"elements":[{"id":"49d7bf65","settings":{"title":"REFER A FRIEND IN DISTRESS AND HE WILL GET","header_size":"h4","__globals__":{"title_color":"globals\/colors?id=d82685b"},"align":"center"},"elements":[],"isInner":false,"widgetType":"heading","elType":"widget"},{"id":"1f928d5a","settings":{"space":{"unit":"px","size":30,"sizes":[]}},"elements":[],"isInner":false,"widgetType":"spacer","elType":"widget"},{"id":"3f34f85c","settings":{"title":"PRICE REDUCED BY 15%","align":"center","__globals__":{"title_color":"globals\/colors?id=d82685b"}},"elements":[],"isInner":false,"widgetType":"heading","elType":"widget"}],"isInner":false,"elType":"column"},{"id":"4f961952","settings":{"_column_size":33,"_inline_size":15,"margin":{"unit":"px","top":"0","right":"0","bottom":"0","left":"0","isLinked":false},"padding":{"unit":"px","top":"0","right":"0","bottom":"0","left":"0","isLinked":false}},"elements":[],"isInner":false,"elType":"column"}],"isInner":false,"elType":"section"}],"settings":{"template":"elementor_header_footer","eael_ext_toc_title":"Table of Contents"},"metadata":[]}