{"content":[{"id":"7c71d6e6","settings":{"background_background":"classic","background_overlay_background":"classic","background_overlay_image":{"id":259,"url":"https:\/\/kitpapa.net\/towy\/wp-content\/uploads\/2023\/06\/garage-motor-maintenance-mechanic-fixing-spare-con-2022-12-16-00-40-34-utc.jpg","alt":"","source":"library","size":""},"background_overlay_position":"center center","background_overlay_repeat":"no-repeat","background_overlay_size":"cover","background_overlay_opacity":{"unit":"px","size":0.3,"sizes":[]},"margin":{"unit":"px","top":"0","right":0,"bottom":"0","left":0,"isLinked":false},"padding":{"unit":"px","top":"150","right":"0","bottom":"150","left":"0","isLinked":false},"__globals__":{"background_color":"globals\/colors?id=text"},"_title":"Page Banner","padding_tablet":{"unit":"px","top":"120","right":"0","bottom":"120","left":"0","isLinked":false},"padding_mobile":{"unit":"px","top":"90","right":"0","bottom":"90","left":"0","isLinked":false}},"elements":[{"id":"48451e7","settings":{"_column_size":100,"_inline_size":null,"margin":{"unit":"px","top":"0","right":"0","bottom":"0","left":"0","isLinked":false},"padding":{"unit":"px","top":"0","right":"0","bottom":"0","left":"0","isLinked":false},"padding_tablet":{"unit":"px","top":"0","right":"0","bottom":"0","left":"20","isLinked":false},"padding_mobile":{"unit":"px","top":"0","right":"10","bottom":"0","left":"20","isLinked":false}},"elements":[{"id":"9674bf6","settings":{"title":"About","header_size":"h1","__globals__":{"title_color":"globals\/colors?id=primary"},"_animation":"fadeInLeft"},"elements":[],"isInner":false,"widgetType":"heading","elType":"widget"},{"id":"68f04501","settings":[],"elements":[],"isInner":false,"widgetType":"spacer","elType":"widget"},{"id":"77ed1073","settings":{"width":{"unit":"px","size":100,"sizes":[]},"text":"Divider","weight":{"unit":"px","size":5,"sizes":[]},"gap":{"unit":"px","size":0,"sizes":[]},"__globals__":{"color":"globals\/colors?id=31a16b8"},"_animation":"fadeInLeft","_animation_delay":300},"elements":[],"isInner":false,"widgetType":"divider","elType":"widget"}],"isInner":false,"elType":"column"}],"isInner":false,"elType":"section"},{"id":"4a5898b","settings":{"structure":"20","margin":{"unit":"px","top":"0","right":0,"bottom":"0","left":0,"isLinked":false},"padding":{"unit":"px","top":"0","right":"0","bottom":"0","left":"0","isLinked":false},"background_background":"classic","background_overlay_opacity":{"unit":"px","size":1,"sizes":[]},"_title":"Call Us","__globals__":{"background_overlay_color":"globals\/colors?id=secondary","background_color":"globals\/colors?id=secondary"}},"elements":[{"id":"fdc0044","settings":{"_column_size":50,"_inline_size":50,"margin":{"unit":"px","top":"0","right":"0","bottom":"0","left":"0","isLinked":false},"padding":{"unit":"px","top":"0","right":"0","bottom":"0","left":"0","isLinked":false},"_inline_size_tablet":35,"hide_mobile":"hidden-phone"},"elements":[],"isInner":false,"elType":"column"},{"id":"5d413e5e","settings":{"_column_size":50,"_inline_size":50,"background_background":"classic","background_overlay_background":"classic","background_overlay_image":{"id":245,"url":"https:\/\/kitpapa.net\/towy\/wp-content\/uploads\/2023\/06\/2towy-wheel_2-1.png","alt":"","source":"library","size":""},"background_overlay_position":"top left","background_overlay_repeat":"no-repeat","background_overlay_size":"auto","background_overlay_opacity":{"unit":"px","size":0.15,"sizes":[]},"css_filters_css_filter":"custom","css_filters_saturate":{"unit":"px","size":0,"sizes":[]},"overlay_blend_mode":"multiply","border_radius":{"unit":"px","top":"10","right":"10","bottom":"10","left":"10","isLinked":true},"margin":{"unit":"px","top":"-80","right":"0","bottom":"0","left":"0","isLinked":false},"padding":{"unit":"px","top":"50","right":"40","bottom":"50","left":"40","isLinked":false},"__globals__":{"background_color":"globals\/colors?id=primary"},"_inline_size_tablet":65,"margin_tablet":{"unit":"px","top":"-60","right":"20","bottom":"0","left":"0","isLinked":false},"margin_mobile":{"unit":"px","top":"-50","right":"20","bottom":"0","left":"20","isLinked":false},"padding_mobile":{"unit":"px","top":"30","right":"20","bottom":"30","left":"20","isLinked":false},"animation":"fadeInRight","animation_delay":600},"elements":[{"id":"db57ea9","settings":{"title":"24\/7 emergency towing","header_size":"h4","__globals__":{"title_color":"globals\/colors?id=d82685b"}},"elements":[],"isInner":false,"widgetType":"heading","elType":"widget"},{"id":"3f2b3605","settings":{"space":{"unit":"px","size":10,"sizes":[]}},"elements":[],"isInner":false,"widgetType":"spacer","elType":"widget"},{"id":"7bfbc93f","settings":{"title":"+88 123 456 789","__globals__":{"title_color":"globals\/colors?id=d82685b"}},"elements":[],"isInner":false,"widgetType":"heading","elType":"widget"}],"isInner":false,"elType":"column"}],"isInner":false,"elType":"section"},{"id":"7e6ddbd9","settings":{"structure":"30","background_background":"classic","margin":{"unit":"px","top":"0","right":0,"bottom":"0","left":0,"isLinked":false},"padding":{"unit":"px","top":"100","right":"0","bottom":"100","left":"0","isLinked":false},"__globals__":{"background_color":"globals\/colors?id=secondary"},"_title":"Text 2Col","padding_tablet":{"unit":"px","top":"80","right":"0","bottom":"80","left":"0","isLinked":false},"padding_mobile":{"unit":"px","top":"60","right":"0","bottom":"60","left":"0","isLinked":false}},"elements":[{"id":"6b342c70","settings":{"_column_size":33,"_inline_size":10,"margin":{"unit":"px","top":"0","right":"0","bottom":"0","left":"0","isLinked":false},"padding":{"unit":"px","top":"0","right":"0","bottom":"0","left":"0","isLinked":false}},"elements":[],"isInner":false,"elType":"column"},{"id":"3529848e","settings":{"_column_size":33,"_inline_size":79.332,"background_background":"classic","margin":{"unit":"px","top":"0","right":"0","bottom":"0","left":"0","isLinked":false},"padding":{"unit":"px","top":"0","right":"0","bottom":"0","left":"0","isLinked":false},"padding_mobile":{"unit":"px","top":"0","right":"20","bottom":"0","left":"20","isLinked":false}},"elements":[{"id":"12d6006b","settings":{"title":"Experience","__globals__":{"title_color":"globals\/colors?id=d82685b"},"align":"center"},"elements":[],"isInner":false,"widgetType":"heading","elType":"widget"},{"id":"492433b6","settings":{"space":{"unit":"px","size":30,"sizes":[]}},"elements":[],"isInner":false,"widgetType":"spacer","elType":"widget"},{"id":"7bb5f53d","settings":{"width":{"unit":"px","size":60,"sizes":[]},"text":"Divider","weight":{"unit":"px","size":5,"sizes":[]},"gap":{"unit":"px","size":0,"sizes":[]},"__globals__":{"color":"globals\/colors?id=31a16b8"},"align":"center","_animation":"fadeInLeft"},"elements":[],"isInner":false,"widgetType":"divider","elType":"widget"},{"id":"33bd9068","settings":{"space":{"unit":"px","size":40,"sizes":[]}},"elements":[],"isInner":false,"widgetType":"spacer","elType":"widget"},{"id":"157df98a","settings":{"structure":"20","margin":{"unit":"px","top":"0","right":0,"bottom":"0","left":0,"isLinked":false},"padding":{"unit":"px","top":"0","right":"0","bottom":"0","left":"0","isLinked":false}},"elements":[{"id":"29795e2d","settings":{"_column_size":50,"_inline_size":null,"margin":{"unit":"px","top":"0","right":"0","bottom":"0","left":"0","isLinked":false},"padding":{"unit":"px","top":"0","right":"25","bottom":"0","left":"0","isLinked":false},"padding_mobile":{"unit":"px","top":"0","right":"0","bottom":"30","left":"0","isLinked":false}},"elements":[{"id":"639ea119","settings":{"title":"More Than 50 Years Of Experience","header_size":"h4","__globals__":{"title_color":"globals\/colors?id=d82685b"},"align_mobile":"center"},"elements":[],"isInner":false,"widgetType":"heading","elType":"widget"},{"id":"b78720d","settings":{"space":{"unit":"px","size":10,"sizes":[]}},"elements":[],"isInner":false,"widgetType":"spacer","elType":"widget"},{"id":"2f57bba8","settings":{"editor":"<p>Lorem ipsum dolor sit amet, consectetur adipiscing elit. Maecenas posuere accumsan laoreet. Donec id sem quam. Mauris pulvinar magna nec odio iaculis tristique. Morbi ex mi, auctor vestibulum ultricies ac, facilisis ac ipsum. Nullam commodo consequat augue, id cursus nisl. Duis lobortis sodales velit, quis maximus urna commodo ultricies. Nam hendrerit dui erat. Donec eu consequat augue. Mauris quis elit dignissim, lacinia odio lacinia, eleifend lorem.<\/p>","__globals__":{"text_color":"globals\/colors?id=d82685b","typography_typography":"globals\/typography?id=text"},"align":"justify"},"elements":[],"isInner":false,"widgetType":"text-editor","elType":"widget"}],"isInner":true,"elType":"column"},{"id":"1fcdb415","settings":{"_column_size":50,"_inline_size":null,"margin":{"unit":"px","top":"0","right":"0","bottom":"0","left":"0","isLinked":false},"padding":{"unit":"px","top":"0","right":"0","bottom":"0","left":"25","isLinked":false},"padding_mobile":{"unit":"px","top":"0","right":"0","bottom":"0","left":"0","isLinked":false}},"elements":[{"id":"1e7bcfb7","settings":{"title":"Friendly And Professional Service","header_size":"h4","__globals__":{"title_color":"globals\/colors?id=d82685b"},"align_mobile":"center"},"elements":[],"isInner":false,"widgetType":"heading","elType":"widget"},{"id":"5d6b1c4a","settings":{"space":{"unit":"px","size":10,"sizes":[]}},"elements":[],"isInner":false,"widgetType":"spacer","elType":"widget"},{"id":"50d8b949","settings":{"editor":"<p>Nulla ex ipsum, placerat eu neque in, accumsan porta elit. Quisque aliquam pellentesque ornare. Phasellus dapibus at eros eu ultricies. Proin vehicula viverra rhoncus. Curabitur congue purus eu sapien mollis vulputate. Pellentesque ornare semper turpis, eu viverra ex semper a. Mauris id aliquet mauris. Praesent ut tortor ut neque pharetra efficitur nec ac quam. Praesent eget aliquam lectus. Nullam in iaculis enim, et dignissim odio. Proin auctor neque arcu, non semper ante mattis fringilla.<\/p>","__globals__":{"text_color":"globals\/colors?id=d82685b","typography_typography":"globals\/typography?id=text"},"align":"justify"},"elements":[],"isInner":false,"widgetType":"text-editor","elType":"widget"}],"isInner":true,"elType":"column"}],"isInner":true,"elType":"section"}],"isInner":false,"elType":"column"},{"id":"24e0b579","settings":{"_column_size":33,"_inline_size":10,"margin":{"unit":"px","top":"0","right":"0","bottom":"0","left":"0","isLinked":false},"padding":{"unit":"px","top":"0","right":"0","bottom":"0","left":"0","isLinked":false}},"elements":[],"isInner":false,"elType":"column"}],"isInner":false,"elType":"section"},{"id":"6d927c1f","settings":{"structure":"30","background_background":"classic","background_overlay_background":"classic","background_overlay_image":{"id":266,"url":"https:\/\/kitpapa.net\/towy\/wp-content\/uploads\/2023\/06\/tow-truck-towing-a-broken-down-car-on-the-street-2021-09-01-21-13-52-utc.jpg","alt":"","source":"library","size":""},"background_overlay_position":"center center","background_overlay_attachment":"fixed","background_overlay_repeat":"no-repeat","background_overlay_size":"cover","background_overlay_opacity":{"unit":"px","size":0.1,"sizes":[]},"margin":{"unit":"px","top":"0","right":0,"bottom":"0","left":0,"isLinked":false},"padding":{"unit":"px","top":"100","right":"0","bottom":"160","left":"0","isLinked":false},"__globals__":{"background_color":"globals\/colors?id=primary"},"padding_tablet":{"unit":"px","top":"80","right":"0","bottom":"120","left":"0","isLinked":false},"padding_mobile":{"unit":"px","top":"60","right":"0","bottom":"60","left":"0","isLinked":false},"_title":"Divider Banner","animation":"none"},"elements":[{"id":"7f9679d0","settings":{"_column_size":33,"_inline_size":15,"margin":{"unit":"px","top":"0","right":"0","bottom":"0","left":"0","isLinked":false},"padding":{"unit":"px","top":"0","right":"0","bottom":"0","left":"0","isLinked":false}},"elements":[],"isInner":false,"elType":"column"},{"id":"57b130a0","settings":{"_column_size":33,"_inline_size":69.332,"margin":{"unit":"px","top":"0","right":"0","bottom":"0","left":"0","isLinked":false},"padding":{"unit":"px","top":"0","right":"0","bottom":"0","left":"0","isLinked":false},"padding_mobile":{"unit":"px","top":"0","right":"20","bottom":"0","left":"20","isLinked":false}},"elements":[{"id":"39055b6e","settings":{"title":"Transport for you","header_size":"h4","__globals__":{"title_color":"globals\/colors?id=d82685b"},"align":"center"},"elements":[],"isInner":false,"widgetType":"heading","elType":"widget"},{"id":"4e0da873","settings":{"space":{"unit":"px","size":30,"sizes":[]}},"elements":[],"isInner":false,"widgetType":"spacer","elType":"widget"},{"id":"36e3ee84","settings":{"title":"Towing Cost","align":"center","__globals__":{"title_color":"globals\/colors?id=d82685b"}},"elements":[],"isInner":false,"widgetType":"heading","elType":"widget"}],"isInner":false,"elType":"column"},{"id":"51ace895","settings":{"_column_size":33,"_inline_size":15,"margin":{"unit":"px","top":"0","right":"0","bottom":"0","left":"0","isLinked":false},"padding":{"unit":"px","top":"0","right":"0","bottom":"0","left":"0","isLinked":false}},"elements":[],"isInner":false,"elType":"column"}],"isInner":false,"elType":"section"},{"id":"556d2885","settings":{"structure":"30","background_background":"classic","margin":{"unit":"px","top":"0","right":0,"bottom":"0","left":0,"isLinked":false},"padding":{"unit":"px","top":"0","right":"0","bottom":"100","left":"0","isLinked":false},"padding_tablet":{"unit":"px","top":"0","right":"0","bottom":"80","left":"0","isLinked":false},"padding_mobile":{"unit":"px","top":"30","right":"0","bottom":"30","left":"0","isLinked":false},"__globals__":{"background_color":"globals\/colors?id=text"},"_title":"Price Table"},"elements":[{"id":"318b0802","settings":{"_column_size":33,"_inline_size":null,"background_background":"classic","border_width":{"unit":"px","top":"2","right":"2","bottom":"2","left":"2","isLinked":true},"border_radius":{"unit":"px","top":"20","right":"20","bottom":"20","left":"20","isLinked":true},"box_shadow_box_shadow_type":"yes","box_shadow_box_shadow":{"horizontal":0,"vertical":0,"blur":6,"spread":0,"color":"rgba(0, 0, 0, 0.35)"},"margin":{"unit":"px","top":"-50","right":"30","bottom":"30","left":"30","isLinked":false},"margin_tablet":{"unit":"px","top":"-40","right":"20","bottom":"20","left":"20","isLinked":false},"margin_mobile":{"unit":"px","top":"20","right":"20","bottom":"20","left":"20","isLinked":true},"padding":{"unit":"px","top":"50","right":"30","bottom":"50","left":"30","isLinked":false},"padding_tablet":{"unit":"px","top":"40","right":"20","bottom":"40","left":"20","isLinked":false},"__globals__":{"background_color":"globals\/colors?id=31b7c84","border_color":"globals\/colors?id=primary"},"animation":"fadeInLeft","animation_delay":600},"elements":[{"id":"59daaa5e","settings":{"title":"Minimum Cost","header_size":"h4","align":"center","__globals__":{"title_color":"globals\/colors?id=d82685b"}},"elements":[],"isInner":false,"widgetType":"heading","elType":"widget"},{"id":"2bff47d7","settings":{"space":{"unit":"px","size":10,"sizes":[]}},"elements":[],"isInner":false,"widgetType":"spacer","elType":"widget"},{"id":"2e2d384","settings":{"title":"Low-end","header_size":"h3","align":"center","__globals__":{"title_color":"globals\/colors?id=d82685b"}},"elements":[],"isInner":false,"widgetType":"heading","elType":"widget"},{"id":"7318ffea","settings":{"space":{"unit":"px","size":10,"sizes":[]}},"elements":[],"isInner":false,"widgetType":"spacer","elType":"widget"},{"id":"78b2939a","settings":{"width":{"unit":"px","size":60,"sizes":[]},"text":"Divider","weight":{"unit":"px","size":5,"sizes":[]},"gap":{"unit":"px","size":0,"sizes":[]},"__globals__":{"color":"globals\/colors?id=31a16b8"},"align":"center"},"elements":[],"isInner":false,"widgetType":"divider","elType":"widget"},{"id":"e36232c","settings":{"space":{"unit":"px","size":30,"sizes":[]}},"elements":[],"isInner":false,"widgetType":"spacer","elType":"widget"},{"id":"6238d1d3","settings":{"title":"$49","header_size":"h1","align":"center","__globals__":{"title_color":"globals\/colors?id=accent"}},"elements":[],"isInner":false,"widgetType":"heading","elType":"widget"},{"id":"4b57bcdb","settings":{"space":{"unit":"px","size":10,"sizes":[]}},"elements":[],"isInner":false,"widgetType":"spacer","elType":"widget"},{"id":"2ee8e9b6","settings":{"title":"for the first 10 miles","header_size":"h6","align":"center","__globals__":{"title_color":"globals\/colors?id=d82685b"}},"elements":[],"isInner":false,"widgetType":"heading","elType":"widget"},{"id":"3f0e7298","settings":{"space":{"unit":"px","size":20,"sizes":[]}},"elements":[],"isInner":false,"widgetType":"spacer","elType":"widget"},{"id":"4183f1d0","settings":{"icon_list":[{"text":"Refill gas","selected_icon":{"value":"fas fa-circle","library":"fa-solid"},"_id":"9596d2c"},{"text":"Jumpstart a battery","selected_icon":{"value":"fas fa-circle","library":"fa-solid"},"_id":"2c56e1c"},{"text":"Unlock the car door","selected_icon":{"value":"fas fa-circle","library":"fa-solid"},"_id":"ad41693"},{"text":"Transport a broken car","selected_icon":{"value":"far fa-circle","library":"fa-regular"},"_id":"350b183"},{"text":"Tire change","selected_icon":{"value":"far fa-circle","library":"fa-regular"},"_id":"6209c01"}],"space_between":{"unit":"px","size":10,"sizes":[]},"icon_size":{"unit":"px","size":11,"sizes":[]},"text_indent":{"unit":"px","size":10,"sizes":[]},"__globals__":{"icon_color":"globals\/colors?id=accent","text_color":"globals\/colors?id=31a16b8","icon_typography_typography":"globals\/typography?id=text"},"icon_align":"center"},"elements":[],"isInner":false,"widgetType":"icon-list","elType":"widget"}],"isInner":false,"elType":"column"},{"id":"7f91749c","settings":{"_column_size":33,"_inline_size":null,"content_position":"center","background_background":"classic","border_width":{"unit":"px","top":"2","right":"2","bottom":"2","left":"2","isLinked":true},"border_radius":{"unit":"px","top":"20","right":"20","bottom":"20","left":"20","isLinked":true},"box_shadow_box_shadow_type":"yes","box_shadow_box_shadow":{"horizontal":0,"vertical":0,"blur":10,"spread":0,"color":"rgba(0, 0, 0, 0.35)"},"margin":{"unit":"px","top":"-80","right":"0","bottom":"0","left":"0","isLinked":false},"margin_tablet":{"unit":"px","top":"-60","right":"0","bottom":"0","left":"0","isLinked":false},"margin_mobile":{"unit":"px","top":"20","right":"20","bottom":"20","left":"20","isLinked":true},"padding":{"unit":"px","top":"50","right":"30","bottom":"50","left":"30","isLinked":false},"padding_tablet":{"unit":"px","top":"40","right":"20","bottom":"40","left":"20","isLinked":false},"__globals__":{"background_color":"globals\/colors?id=31a16b8","border_color":"globals\/colors?id=primary"},"background_overlay_background":"classic","background_overlay_image":{"id":"65","url":"https:\/\/kitpapa.net\/towy\/wp-content\/uploads\/2023\/06\/tyre_red_2.png"},"background_overlay_position":"top left","background_overlay_repeat":"no-repeat","background_overlay_size":"auto","background_overlay_opacity":{"unit":"px","size":0.1,"sizes":[]},"css_filters_css_filter":"custom","css_filters_saturate":{"unit":"px","size":0,"sizes":[]},"animation":"fadeIn","animation_delay":300},"elements":[{"id":"5675676b","settings":{"title":"Average Cost","header_size":"h4","align":"center","__globals__":{"title_color":"globals\/colors?id=text"}},"elements":[],"isInner":false,"widgetType":"heading","elType":"widget"},{"id":"1e722f7a","settings":{"space":{"unit":"px","size":10,"sizes":[]}},"elements":[],"isInner":false,"widgetType":"spacer","elType":"widget"},{"id":"625a48bb","settings":{"title":"Average","header_size":"h3","align":"center","__globals__":{"title_color":"globals\/colors?id=text"}},"elements":[],"isInner":false,"widgetType":"heading","elType":"widget"},{"id":"19507ab0","settings":{"space":{"unit":"px","size":10,"sizes":[]}},"elements":[],"isInner":false,"widgetType":"spacer","elType":"widget"},{"id":"7230f53e","settings":{"width":{"unit":"px","size":60,"sizes":[]},"text":"Divider","weight":{"unit":"px","size":5,"sizes":[]},"gap":{"unit":"px","size":0,"sizes":[]},"__globals__":{"color":"globals\/colors?id=text"},"align":"center"},"elements":[],"isInner":false,"widgetType":"divider","elType":"widget"},{"id":"7d25b08d","settings":{"space":{"unit":"px","size":30,"sizes":[]}},"elements":[],"isInner":false,"widgetType":"spacer","elType":"widget"},{"id":"4725ffca","settings":{"title":"$99","header_size":"h1","align":"center","__globals__":{"title_color":"globals\/colors?id=primary"}},"elements":[],"isInner":false,"widgetType":"heading","elType":"widget"},{"id":"2f6b7fc1","settings":{"space":{"unit":"px","size":10,"sizes":[]}},"elements":[],"isInner":false,"widgetType":"spacer","elType":"widget"},{"id":"8e1b68b","settings":{"title":"for the first 10 miles","header_size":"h6","align":"center","__globals__":{"title_color":"globals\/colors?id=text"}},"elements":[],"isInner":false,"widgetType":"heading","elType":"widget"},{"id":"15fd1bed","settings":{"space":{"unit":"px","size":20,"sizes":[]}},"elements":[],"isInner":false,"widgetType":"spacer","elType":"widget"},{"id":"3d41b7fc","settings":{"icon_list":[{"text":"Refill gas","selected_icon":{"value":"fas fa-circle","library":"fa-solid"},"_id":"9596d2c"},{"text":"Jumpstart a battery","selected_icon":{"value":"fas fa-circle","library":"fa-solid"},"_id":"2c56e1c"},{"text":"Unlock the car door","selected_icon":{"value":"fas fa-circle","library":"fa-solid"},"_id":"ad41693"},{"text":"Transport a broken car","selected_icon":{"value":"fas fa-circle","library":"fa-solid"},"_id":"66689f6"},{"text":"Tire change","selected_icon":{"value":"far fa-circle","library":"fa-regular"},"_id":"350b183"}],"space_between":{"unit":"px","size":10,"sizes":[]},"icon_size":{"unit":"px","size":11,"sizes":[]},"text_indent":{"unit":"px","size":10,"sizes":[]},"__globals__":{"icon_color":"globals\/colors?id=primary","text_color":"globals\/colors?id=text","icon_typography_typography":"globals\/typography?id=text"},"icon_align":"center"},"elements":[],"isInner":false,"widgetType":"icon-list","elType":"widget"}],"isInner":false,"elType":"column"},{"id":"510187fd","settings":{"_column_size":33,"_inline_size":null,"background_background":"classic","border_width":{"unit":"px","top":"2","right":"2","bottom":"2","left":"2","isLinked":true},"border_radius":{"unit":"px","top":"20","right":"20","bottom":"20","left":"20","isLinked":true},"box_shadow_box_shadow_type":"yes","box_shadow_box_shadow":{"horizontal":0,"vertical":0,"blur":6,"spread":0,"color":"rgba(0, 0, 0, 0.35)"},"margin":{"unit":"px","top":"-50","right":"30","bottom":"30","left":"30","isLinked":false},"margin_tablet":{"unit":"px","top":"-40","right":"20","bottom":"20","left":"20","isLinked":false},"margin_mobile":{"unit":"px","top":"20","right":"20","bottom":"20","left":"20","isLinked":true},"padding":{"unit":"px","top":"50","right":"30","bottom":"50","left":"30","isLinked":false},"padding_tablet":{"unit":"px","top":"40","right":"20","bottom":"40","left":"20","isLinked":false},"__globals__":{"background_color":"globals\/colors?id=31b7c84","border_color":"globals\/colors?id=primary"},"animation":"fadeInRight","animation_delay":600},"elements":[{"id":"6ba8512a","settings":{"title":"Maximum Cost","header_size":"h4","align":"center","__globals__":{"title_color":"globals\/colors?id=d82685b"}},"elements":[],"isInner":false,"widgetType":"heading","elType":"widget"},{"id":"7d9bf5b8","settings":{"space":{"unit":"px","size":10,"sizes":[]}},"elements":[],"isInner":false,"widgetType":"spacer","elType":"widget"},{"id":"4b2b7a93","settings":{"title":"High-end","header_size":"h3","align":"center","__globals__":{"title_color":"globals\/colors?id=d82685b"}},"elements":[],"isInner":false,"widgetType":"heading","elType":"widget"},{"id":"6a7e7d2c","settings":{"space":{"unit":"px","size":10,"sizes":[]}},"elements":[],"isInner":false,"widgetType":"spacer","elType":"widget"},{"id":"30470e83","settings":{"width":{"unit":"px","size":60,"sizes":[]},"text":"Divider","weight":{"unit":"px","size":5,"sizes":[]},"gap":{"unit":"px","size":0,"sizes":[]},"__globals__":{"color":"globals\/colors?id=31a16b8"},"align":"center"},"elements":[],"isInner":false,"widgetType":"divider","elType":"widget"},{"id":"1a718a0d","settings":{"space":{"unit":"px","size":30,"sizes":[]}},"elements":[],"isInner":false,"widgetType":"spacer","elType":"widget"},{"id":"698826b9","settings":{"title":"$299","header_size":"h1","align":"center","__globals__":{"title_color":"globals\/colors?id=accent"}},"elements":[],"isInner":false,"widgetType":"heading","elType":"widget"},{"id":"2e97133b","settings":{"space":{"unit":"px","size":10,"sizes":[]}},"elements":[],"isInner":false,"widgetType":"spacer","elType":"widget"},{"id":"4effa45a","settings":{"title":"for the first 10 miles","header_size":"h6","align":"center","__globals__":{"title_color":"globals\/colors?id=d82685b"}},"elements":[],"isInner":false,"widgetType":"heading","elType":"widget"},{"id":"59540ce8","settings":{"space":{"unit":"px","size":20,"sizes":[]}},"elements":[],"isInner":false,"widgetType":"spacer","elType":"widget"},{"id":"19051251","settings":{"icon_list":[{"text":"Refill gas","selected_icon":{"value":"fas fa-circle","library":"fa-solid"},"_id":"9596d2c"},{"text":"Jumpstart a battery","selected_icon":{"value":"fas fa-circle","library":"fa-solid"},"_id":"2c56e1c"},{"text":"Unlock the car door","selected_icon":{"value":"fas fa-circle","library":"fa-solid"},"_id":"ad41693"},{"text":"Transport a broken car","selected_icon":{"value":"fas fa-circle","library":"fa-solid"},"_id":"66689f6"},{"text":"Tire change","selected_icon":{"value":"fas fa-circle","library":"fa-solid"},"_id":"0bba42c"}],"space_between":{"unit":"px","size":10,"sizes":[]},"icon_size":{"unit":"px","size":11,"sizes":[]},"text_indent":{"unit":"px","size":10,"sizes":[]},"__globals__":{"icon_color":"globals\/colors?id=accent","text_color":"globals\/colors?id=31a16b8","icon_typography_typography":"globals\/typography?id=text"},"icon_align":"center"},"elements":[],"isInner":false,"widgetType":"icon-list","elType":"widget"}],"isInner":false,"elType":"column"}],"isInner":false,"elType":"section"},{"id":"61807663","settings":{"structure":"30","background_background":"classic","margin":{"unit":"px","top":"0","right":0,"bottom":"0","left":0,"isLinked":false},"padding":{"unit":"px","top":"100","right":"0","bottom":"160","left":"0","isLinked":false},"__globals__":{"background_color":"globals\/colors?id=31b7c84"},"_title":"Text 2Col","padding_tablet":{"unit":"px","top":"80","right":"0","bottom":"120","left":"0","isLinked":false},"padding_mobile":{"unit":"px","top":"60","right":"0","bottom":"90","left":"0","isLinked":false},"background_overlay_background":"classic","background_overlay_image":{"id":268,"url":"https:\/\/kitpapa.net\/towy\/wp-content\/uploads\/2023\/06\/in-black-shirt-man-in-uniform-is-working-in-the-a-2022-02-03-19-19-17-utc.jpg","alt":"","source":"library","size":""},"background_overlay_position":"center center","background_overlay_repeat":"no-repeat","background_overlay_size":"cover","background_overlay_opacity":{"unit":"px","size":0.1,"sizes":[]},"css_filters_css_filter":"custom","css_filters_saturate":{"unit":"px","size":0,"sizes":[]},"background_overlay_attachment":"fixed"},"elements":[{"id":"54822744","settings":{"_column_size":33,"_inline_size":10,"margin":{"unit":"px","top":"0","right":"0","bottom":"0","left":"0","isLinked":false},"padding":{"unit":"px","top":"0","right":"0","bottom":"0","left":"0","isLinked":false}},"elements":[],"isInner":false,"elType":"column"},{"id":"131637d5","settings":{"_column_size":33,"_inline_size":79.332,"background_background":"classic","margin":{"unit":"px","top":"0","right":"0","bottom":"0","left":"0","isLinked":false},"padding":{"unit":"px","top":"0","right":"0","bottom":"0","left":"0","isLinked":false},"padding_mobile":{"unit":"px","top":"0","right":"20","bottom":"0","left":"20","isLinked":false}},"elements":[{"id":"460516fb","settings":{"title":"Our Vision & Mission","__globals__":{"title_color":"globals\/colors?id=d82685b"},"align":"center"},"elements":[],"isInner":false,"widgetType":"heading","elType":"widget"},{"id":"2d1bd86c","settings":{"space":{"unit":"px","size":30,"sizes":[]}},"elements":[],"isInner":false,"widgetType":"spacer","elType":"widget"},{"id":"ff91949","settings":{"width":{"unit":"px","size":60,"sizes":[]},"text":"Divider","weight":{"unit":"px","size":5,"sizes":[]},"gap":{"unit":"px","size":0,"sizes":[]},"__globals__":{"color":"globals\/colors?id=31a16b8"},"align":"center","_animation":"fadeInLeft"},"elements":[],"isInner":false,"widgetType":"divider","elType":"widget"},{"id":"135b510d","settings":{"space":{"unit":"px","size":40,"sizes":[]}},"elements":[],"isInner":false,"widgetType":"spacer","elType":"widget"},{"id":"1a2bb4f9","settings":{"title":"Morbi rhoncus a erat lobortis facilisis. Sed tempus orci risus finibus, lacus consectetur tincidunt.","header_size":"h4","__globals__":{"title_color":"globals\/colors?id=d82685b"},"align_mobile":"center"},"elements":[],"isInner":false,"widgetType":"heading","elType":"widget"},{"id":"797b5dfd","settings":{"space":{"unit":"px","size":30,"sizes":[]}},"elements":[],"isInner":false,"widgetType":"spacer","elType":"widget"},{"id":"41b78ad3","settings":{"structure":"20","margin":{"unit":"px","top":"0","right":0,"bottom":"0","left":0,"isLinked":false},"padding":{"unit":"px","top":"0","right":"0","bottom":"0","left":"0","isLinked":false}},"elements":[{"id":"5d21708d","settings":{"_column_size":50,"_inline_size":null,"margin":{"unit":"px","top":"0","right":"0","bottom":"0","left":"0","isLinked":false},"padding":{"unit":"px","top":"0","right":"25","bottom":"0","left":"0","isLinked":false},"padding_mobile":{"unit":"px","top":"0","right":"0","bottom":"30","left":"0","isLinked":false}},"elements":[{"id":"f6e2b8a","settings":{"editor":"<p>Cras a libero massa. Nullam in quam ac magna euismod facilisis. Aenean ultricies, felis et laoreet lobortis, lacus nisl tristique ipsum, sed interdum erat turpis et sem. Ut risus mauris, blandit et augue vel, hendrerit aliquet nisi. Aenean ac ipsum velit. Phasellus feugiat tristique tincidunt ultrices molestie.<\/p>","__globals__":{"text_color":"globals\/colors?id=d82685b","typography_typography":"globals\/typography?id=text"},"align":"justify"},"elements":[],"isInner":false,"widgetType":"text-editor","elType":"widget"}],"isInner":true,"elType":"column"},{"id":"36f025c8","settings":{"_column_size":50,"_inline_size":null,"margin":{"unit":"px","top":"0","right":"0","bottom":"0","left":"0","isLinked":false},"padding":{"unit":"px","top":"0","right":"0","bottom":"0","left":"25","isLinked":false},"padding_mobile":{"unit":"px","top":"0","right":"0","bottom":"0","left":"0","isLinked":false}},"elements":[{"id":"256d405c","settings":{"editor":"<p>Mauris eleifend odio eu arcu volutpat, efficitur laoreet urna scelerisque. Maecenas a massa quis leo rutrum laoreet et non libero. Phasellus eget scelerisque urna. Mauris fermentum, sapien ut tincidunt hendrerit, purus elit pharetra nisi, quis tempor sem nisi id mi. Aenean id vehicula sem, a cursus leo.<\/p>","__globals__":{"text_color":"globals\/colors?id=d82685b","typography_typography":"globals\/typography?id=text"},"align":"justify"},"elements":[],"isInner":false,"widgetType":"text-editor","elType":"widget"}],"isInner":true,"elType":"column"}],"isInner":true,"elType":"section"}],"isInner":false,"elType":"column"},{"id":"4eecbc81","settings":{"_column_size":33,"_inline_size":10,"margin":{"unit":"px","top":"0","right":"0","bottom":"0","left":"0","isLinked":false},"padding":{"unit":"px","top":"0","right":"0","bottom":"0","left":"0","isLinked":false}},"elements":[],"isInner":false,"elType":"column"}],"isInner":false,"elType":"section"}],"settings":{"template":"elementor_header_footer","eael_ext_toc_title":"Table of Contents"},"metadata":[]}