{"content":[{"id":"52d1153c","settings":{"background_background":"classic","background_overlay_background":"classic","background_overlay_image":{"id":325,"url":"https:\/\/kitpapa.net\/towy\/wp-content\/uploads\/2023\/06\/profecional-car-mechanic-changing-motor-oil-at-mai-2021-08-26-17-32-28-utc.jpg","alt":"","source":"library","size":""},"background_overlay_position":"center center","background_overlay_repeat":"no-repeat","background_overlay_size":"cover","background_overlay_opacity":{"unit":"px","size":0.3,"sizes":[]},"margin":{"unit":"px","top":"0","right":0,"bottom":"0","left":0,"isLinked":false},"padding":{"unit":"px","top":"150","right":"0","bottom":"150","left":"0","isLinked":false},"__globals__":{"background_color":"globals\/colors?id=text"},"_title":"Page Banner","padding_tablet":{"unit":"px","top":"120","right":"0","bottom":"120","left":"0","isLinked":false},"padding_mobile":{"unit":"px","top":"90","right":"0","bottom":"90","left":"0","isLinked":false}},"elements":[{"id":"3ff97dfb","settings":{"_column_size":100,"_inline_size":null,"margin":{"unit":"px","top":"0","right":"0","bottom":"0","left":"0","isLinked":false},"padding":{"unit":"px","top":"0","right":"0","bottom":"0","left":"0","isLinked":false},"padding_tablet":{"unit":"px","top":"0","right":"0","bottom":"0","left":"20","isLinked":false},"padding_mobile":{"unit":"px","top":"0","right":"10","bottom":"0","left":"20","isLinked":false}},"elements":[{"id":"56cf56ac","settings":{"title":"Services","header_size":"h1","__globals__":{"title_color":"globals\/colors?id=primary"},"_animation":"fadeInLeft"},"elements":[],"isInner":false,"widgetType":"heading","elType":"widget"},{"id":"61786a1a","settings":[],"elements":[],"isInner":false,"widgetType":"spacer","elType":"widget"},{"id":"3cc8524","settings":{"width":{"unit":"px","size":100,"sizes":[]},"text":"Divider","weight":{"unit":"px","size":5,"sizes":[]},"gap":{"unit":"px","size":0,"sizes":[]},"__globals__":{"color":"globals\/colors?id=31a16b8"},"_animation":"fadeInLeft","_animation_delay":300},"elements":[],"isInner":false,"widgetType":"divider","elType":"widget"}],"isInner":false,"elType":"column"}],"isInner":false,"elType":"section"},{"id":"4d762c3b","settings":{"structure":"20","margin":{"unit":"px","top":"0","right":0,"bottom":"0","left":0,"isLinked":false},"padding":{"unit":"px","top":"0","right":"0","bottom":"0","left":"0","isLinked":false},"background_background":"classic","background_overlay_opacity":{"unit":"px","size":1,"sizes":[]},"_title":"Call Us","__globals__":{"background_overlay_color":"globals\/colors?id=secondary","background_color":"globals\/colors?id=secondary"}},"elements":[{"id":"751cef77","settings":{"_column_size":50,"_inline_size":50,"margin":{"unit":"px","top":"0","right":"0","bottom":"0","left":"0","isLinked":false},"padding":{"unit":"px","top":"0","right":"0","bottom":"0","left":"0","isLinked":false},"_inline_size_tablet":35,"hide_mobile":"hidden-phone"},"elements":[],"isInner":false,"elType":"column"},{"id":"4fbd800c","settings":{"_column_size":50,"_inline_size":50,"background_background":"classic","background_overlay_background":"classic","background_overlay_image":{"id":245,"url":"https:\/\/kitpapa.net\/towy\/wp-content\/uploads\/2023\/06\/2towy-wheel_2-1.png","alt":"","source":"library","size":""},"background_overlay_position":"top left","background_overlay_repeat":"no-repeat","background_overlay_size":"auto","background_overlay_opacity":{"unit":"px","size":0.15,"sizes":[]},"css_filters_css_filter":"custom","css_filters_saturate":{"unit":"px","size":0,"sizes":[]},"overlay_blend_mode":"multiply","border_radius":{"unit":"px","top":"10","right":"10","bottom":"10","left":"10","isLinked":true},"margin":{"unit":"px","top":"-80","right":"0","bottom":"0","left":"0","isLinked":false},"padding":{"unit":"px","top":"50","right":"40","bottom":"50","left":"40","isLinked":false},"__globals__":{"background_color":"globals\/colors?id=primary"},"_inline_size_tablet":65,"margin_tablet":{"unit":"px","top":"-60","right":"20","bottom":"0","left":"0","isLinked":false},"margin_mobile":{"unit":"px","top":"-50","right":"20","bottom":"0","left":"20","isLinked":false},"padding_mobile":{"unit":"px","top":"30","right":"20","bottom":"30","left":"20","isLinked":false},"animation":"fadeInRight","animation_delay":600},"elements":[{"id":"66545f59","settings":{"title":"24\/7 emergency towing","header_size":"h4","__globals__":{"title_color":"globals\/colors?id=d82685b"}},"elements":[],"isInner":false,"widgetType":"heading","elType":"widget"},{"id":"4e165c54","settings":{"space":{"unit":"px","size":10,"sizes":[]}},"elements":[],"isInner":false,"widgetType":"spacer","elType":"widget"},{"id":"fdc38da","settings":{"title":"+88 123 456 789","__globals__":{"title_color":"globals\/colors?id=d82685b"}},"elements":[],"isInner":false,"widgetType":"heading","elType":"widget"}],"isInner":false,"elType":"column"}],"isInner":false,"elType":"section"},{"id":"4c2ea566","settings":{"structure":"30","background_background":"classic","margin":{"unit":"px","top":"0","right":0,"bottom":"0","left":0,"isLinked":false},"padding":{"unit":"px","top":"100","right":"0","bottom":"160","left":"0","isLinked":false},"__globals__":{"background_color":"globals\/colors?id=secondary"},"_title":"Title","padding_tablet":{"unit":"px","top":"80","right":"0","bottom":"120","left":"0","isLinked":false},"padding_mobile":{"unit":"px","top":"60","right":"0","bottom":"60","left":"0","isLinked":false}},"elements":[{"id":"3af474f0","settings":{"_column_size":33,"_inline_size":10,"margin":{"unit":"px","top":"0","right":"0","bottom":"0","left":"0","isLinked":false},"padding":{"unit":"px","top":"0","right":"0","bottom":"0","left":"0","isLinked":false}},"elements":[],"isInner":false,"elType":"column"},{"id":"1abb59a","settings":{"_column_size":33,"_inline_size":79.332,"background_background":"classic","margin":{"unit":"px","top":"0","right":"0","bottom":"0","left":"0","isLinked":false},"padding":{"unit":"px","top":"0","right":"0","bottom":"0","left":"0","isLinked":false},"padding_mobile":{"unit":"px","top":"0","right":"20","bottom":"0","left":"20","isLinked":false}},"elements":[{"id":"7bb0c991","settings":{"title":"Our Services","__globals__":{"title_color":"globals\/colors?id=d82685b"},"align":"center"},"elements":[],"isInner":false,"widgetType":"heading","elType":"widget"},{"id":"14bf5b5c","settings":{"space":{"unit":"px","size":30,"sizes":[]}},"elements":[],"isInner":false,"widgetType":"spacer","elType":"widget"},{"id":"26a1f571","settings":{"width":{"unit":"px","size":60,"sizes":[]},"text":"Divider","weight":{"unit":"px","size":5,"sizes":[]},"gap":{"unit":"px","size":0,"sizes":[]},"__globals__":{"color":"globals\/colors?id=31a16b8"},"align":"center","_animation":"fadeInLeft"},"elements":[],"isInner":false,"widgetType":"divider","elType":"widget"}],"isInner":false,"elType":"column"},{"id":"52c9e103","settings":{"_column_size":33,"_inline_size":10,"margin":{"unit":"px","top":"0","right":"0","bottom":"0","left":"0","isLinked":false},"padding":{"unit":"px","top":"0","right":"0","bottom":"0","left":"0","isLinked":false}},"elements":[],"isInner":false,"elType":"column"}],"isInner":false,"elType":"section"},{"id":"564a328b","settings":{"background_background":"classic","margin":{"unit":"px","top":"0","right":0,"bottom":"0","left":0,"isLinked":false},"padding":{"unit":"px","top":"0","right":"0","bottom":"100","left":"0","isLinked":false},"padding_tablet":{"unit":"px","top":"0","right":"0","bottom":"80","left":"0","isLinked":false},"padding_mobile":{"unit":"px","top":"0","right":"0","bottom":"60","left":"0","isLinked":false},"__globals__":{"background_color":"globals\/colors?id=secondary"},"_title":"Join Member","background_overlay_background":"classic","background_overlay_image":{"id":207,"url":"https:\/\/kitpapa.net\/towy\/wp-content\/uploads\/2023\/06\/professional-tow-truck-driver-fastening-the-car-fo-2022-11-28-18-50-02-utc.jpg","alt":"","source":"library","size":""},"background_overlay_position":"center center","background_overlay_attachment":"fixed","background_overlay_repeat":"no-repeat","background_overlay_size":"cover","background_overlay_opacity":{"unit":"px","size":0.1,"sizes":[]},"css_filters_css_filter":"custom","css_filters_saturate":{"unit":"px","size":0,"sizes":[]}},"elements":[{"id":"c251623","settings":{"_column_size":100,"_inline_size":null,"background_background":"classic","border_width":{"unit":"px","top":"2","right":"2","bottom":"2","left":"2","isLinked":true},"border_radius":{"unit":"px","top":"20","right":"20","bottom":"20","left":"20","isLinked":true},"box_shadow_box_shadow_type":"yes","box_shadow_box_shadow":{"horizontal":0,"vertical":0,"blur":10,"spread":0,"color":"rgba(0, 0, 0, 0.35)"},"margin":{"unit":"px","top":"-80","right":"100","bottom":"0","left":"100","isLinked":false},"margin_tablet":{"unit":"px","top":"-60","right":"20","bottom":"0","left":"20","isLinked":false},"margin_mobile":{"unit":"px","top":"-40","right":"20","bottom":"0","left":"20","isLinked":false},"padding":{"unit":"px","top":"50","right":"0","bottom":"50","left":"0","isLinked":false},"padding_tablet":{"unit":"px","top":"40","right":"0","bottom":"40","left":"0","isLinked":false},"__globals__":{"background_color":"globals\/colors?id=31a16b8","border_color":"globals\/colors?id=primary"},"content_position":"center","background_overlay_background":"classic","background_overlay_image":{"id":"46","url":"https:\/\/kitpapa.net\/towy\/wp-content\/uploads\/2023\/06\/tyre_whiite_1.png"},"background_overlay_position":"top left","background_overlay_repeat":"no-repeat","background_overlay_size":"auto","background_overlay_opacity":{"unit":"px","size":0.6,"sizes":[]},"css_filters_css_filter":"custom","css_filters_saturate":{"unit":"px","size":0,"sizes":[]},"padding_mobile":{"unit":"px","top":"30","right":"0","bottom":"30","left":"0","isLinked":false},"animation":"fadeIn","animation_delay":300},"elements":[{"id":"58a8493a","settings":{"title":"Membership","header_size":"h4","align":"center","__globals__":{"title_color":"globals\/colors?id=text"}},"elements":[],"isInner":false,"widgetType":"heading","elType":"widget"},{"id":"600d3f2","settings":{"space":{"unit":"px","size":10,"sizes":[]}},"elements":[],"isInner":false,"widgetType":"spacer","elType":"widget"},{"id":"488d5a1c","settings":{"title":"Roadside Assistance","header_size":"h3","align":"center","__globals__":{"title_color":"globals\/colors?id=primary"}},"elements":[],"isInner":false,"widgetType":"heading","elType":"widget"},{"id":"68febe97","settings":[],"elements":[],"isInner":false,"widgetType":"spacer","elType":"widget"},{"id":"4eac0f39","settings":{"image":{"id":217,"url":"https:\/\/kitpapa.net\/towy\/wp-content\/uploads\/2023\/06\/male-road-worker-monitoring-car-loading-process-2022-02-16-17-24-50-utc-1.jpg","alt":"","source":"library","size":""},"image_size":"custom","image_custom_dimension":{"width":"1200","height":"400"},"css_filters_css_filter":"custom","css_filters_saturate":{"unit":"px","size":0,"sizes":[]}},"elements":[],"isInner":false,"widgetType":"image","elType":"widget"},{"id":"377302d0","settings":{"space":{"unit":"px","size":30,"sizes":[]}},"elements":[],"isInner":false,"widgetType":"spacer","elType":"widget"},{"id":"5477512e","settings":{"structure":"20","margin":{"unit":"px","top":"0","right":0,"bottom":"0","left":0,"isLinked":false},"padding":{"unit":"px","top":"0","right":"0","bottom":"0","left":"0","isLinked":false}},"elements":[{"id":"536377d4","settings":{"_column_size":50,"_inline_size":null,"margin":{"unit":"px","top":"0","right":"0","bottom":"0","left":"0","isLinked":false},"padding":{"unit":"px","top":"0","right":"0","bottom":"0","left":"0","isLinked":false},"padding_mobile":{"unit":"px","top":"0","right":"20","bottom":"10","left":"40","isLinked":false}},"elements":[{"id":"23c4aeac","settings":{"icon_list":[{"text":"24\/7 emergency towing","selected_icon":{"value":"fas fa-circle","library":"fa-solid"},"_id":"9596d2c"},{"text":"Emergency roadside assistance","selected_icon":{"value":"fas fa-circle","library":"fa-solid"},"_id":"2c56e1c"},{"text":"Fuel delivery services","selected_icon":{"value":"fas fa-circle","library":"fa-solid"},"_id":"ad41693"},{"text":"Tire changing","selected_icon":{"value":"fas fa-circle","library":"fa-solid"},"_id":"e27e1e2"}],"space_between":{"unit":"px","size":10,"sizes":[]},"icon_size":{"unit":"px","size":11,"sizes":[]},"text_indent":{"unit":"px","size":10,"sizes":[]},"__globals__":{"icon_color":"globals\/colors?id=accent","text_color":"globals\/colors?id=text","icon_typography_typography":"globals\/typography?id=text"},"icon_align":"center","icon_align_mobile":"left"},"elements":[],"isInner":false,"widgetType":"icon-list","elType":"widget"}],"isInner":true,"elType":"column"},{"id":"59ae1b75","settings":{"_column_size":50,"_inline_size":null,"margin":{"unit":"px","top":"0","right":"0","bottom":"0","left":"0","isLinked":false},"padding":{"unit":"px","top":"0","right":"0","bottom":"0","left":"0","isLinked":false},"padding_mobile":{"unit":"px","top":"0","right":"20","bottom":"0","left":"40","isLinked":false}},"elements":[{"id":"14147bd4","settings":{"icon_list":[{"text":"Car battery jump start","selected_icon":{"value":"fas fa-circle","library":"fa-solid"},"_id":"9596d2c"},{"text":"Replacement battery","selected_icon":{"value":"fas fa-circle","library":"fa-solid"},"_id":"2c56e1c"},{"text":"Tire changing","selected_icon":{"value":"fas fa-circle","library":"fa-solid"},"_id":"e27e1e2"},{"text":"Car Locksmith Solutions","selected_icon":{"value":"fas fa-circle","library":"fa-solid"},"_id":"ad41693"}],"space_between":{"unit":"px","size":10,"sizes":[]},"icon_size":{"unit":"px","size":11,"sizes":[]},"text_indent":{"unit":"px","size":10,"sizes":[]},"__globals__":{"icon_color":"globals\/colors?id=accent","text_color":"globals\/colors?id=text","icon_typography_typography":"globals\/typography?id=text"},"icon_align":"center","icon_align_mobile":"left"},"elements":[],"isInner":false,"widgetType":"icon-list","elType":"widget"}],"isInner":true,"elType":"column"}],"isInner":true,"elType":"section"},{"id":"30ccbe76","settings":{"space":{"unit":"px","size":30,"sizes":[]}},"elements":[],"isInner":false,"widgetType":"spacer","elType":"widget"},{"id":"5f1d2512","settings":{"text":"Join Now","align":"center","size":"lg"},"elements":[],"isInner":false,"widgetType":"button","elType":"widget"}],"isInner":false,"elType":"column"}],"isInner":false,"elType":"section"},{"id":"4929acbd","settings":{"structure":"30","background_background":"classic","margin":{"unit":"px","top":"0","right":0,"bottom":"0","left":0,"isLinked":false},"padding":{"unit":"px","top":"100","right":"0","bottom":"160","left":"0","isLinked":false},"padding_tablet":{"unit":"px","top":"80","right":"0","bottom":"120","left":"0","isLinked":false},"padding_mobile":{"unit":"px","top":"60","right":"0","bottom":"90","left":"0","isLinked":false},"__globals__":{"background_color":"globals\/colors?id=text"},"_title":"Services"},"elements":[{"id":"6f267485","settings":{"_column_size":33,"_inline_size":9,"margin":{"unit":"px","top":"0","right":"0","bottom":"0","left":"0","isLinked":false},"padding":{"unit":"px","top":"0","right":"0","bottom":"0","left":"0","isLinked":false},"hide_tablet":"hidden-tablet","hide_mobile":"hidden-phone"},"elements":[],"isInner":false,"elType":"column"},{"id":"53977c91","settings":{"_column_size":33,"_inline_size":81.664,"_inline_size_tablet":100,"margin":{"unit":"px","top":"0","right":"0","bottom":"0","left":"0","isLinked":false},"padding":{"unit":"px","top":"0","right":"0","bottom":"0","left":"0","isLinked":false}},"elements":[{"id":"3e5545c4","settings":{"structure":"20","margin":{"unit":"px","top":"0","right":0,"bottom":"0","left":0,"isLinked":false},"padding":{"unit":"px","top":"0","right":"0","bottom":"0","left":"0","isLinked":false}},"elements":[{"id":"649bdd48","settings":{"_column_size":50,"_inline_size":35,"_inline_size_tablet":40,"margin":{"unit":"px","top":"0","right":"0","bottom":"0","left":"0","isLinked":false},"padding":{"unit":"px","top":"0","right":"0","bottom":"0","left":"0","isLinked":false},"padding_tablet":{"unit":"px","top":"0","right":"0","bottom":"0","left":"20","isLinked":false},"padding_mobile":{"unit":"px","top":"0","right":"20","bottom":"0","left":"20","isLinked":false}},"elements":[{"id":"36119352","settings":{"image":{"id":321,"url":"https:\/\/kitpapa.net\/towy\/wp-content\/uploads\/2023\/06\/cable-attached-to-broken-down-car-being-pulled-ont-2021-08-31-11-00-36-utc.jpg","alt":"","source":"library","size":""},"image_size":"custom","image_custom_dimension":{"width":"300","height":"300"},"align":"left","css_filters_css_filter":"custom","css_filters_saturate":{"unit":"px","size":75,"sizes":[]}},"elements":[],"isInner":false,"widgetType":"image","elType":"widget"}],"isInner":true,"elType":"column"},{"id":"1a46e1e2","settings":{"_column_size":50,"_inline_size":65,"_inline_size_tablet":60,"content_position":"center","margin":{"unit":"px","top":"0","right":"0","bottom":"0","left":"0","isLinked":false},"padding":{"unit":"px","top":"0","right":"30","bottom":"0","left":"50","isLinked":false},"padding_tablet":{"unit":"px","top":"0","right":"20","bottom":"0","left":"40","isLinked":false},"padding_mobile":{"unit":"px","top":"30","right":"20","bottom":"0","left":"20","isLinked":false}},"elements":[{"id":"30a8135a","settings":{"width":{"unit":"px","size":60,"sizes":[]},"text":"Divider","weight":{"unit":"px","size":5,"sizes":[]},"gap":{"unit":"px","size":0,"sizes":[]},"__globals__":{"color":"globals\/colors?id=primary"},"_animation":"fadeInRight"},"elements":[],"isInner":false,"widgetType":"divider","elType":"widget"},{"id":"5dd9c598","settings":{"space":{"unit":"px","size":30,"sizes":[]}},"elements":[],"isInner":false,"widgetType":"spacer","elType":"widget"},{"id":"2947b431","settings":{"title":"Accidents Towing","header_size":"h3","__globals__":{"title_color":"globals\/colors?id=d82685b"}},"elements":[],"isInner":false,"widgetType":"heading","elType":"widget"},{"id":"1b450ba5","settings":{"space":{"unit":"px","size":10,"sizes":[]}},"elements":[],"isInner":false,"widgetType":"spacer","elType":"widget"},{"id":"6f644837","settings":{"editor":"<p>Lorem ipsum dolor sit amet, consectetur adipiscing elit. Nulla sit amet risus orci. Integer pulvinar quam nisl, at maximus velit fringilla ut egestas lacus.<\/p>","__globals__":{"text_color":"globals\/colors?id=d82685b","typography_typography":"globals\/typography?id=text"}},"elements":[],"isInner":false,"widgetType":"text-editor","elType":"widget"},{"id":"6f8ee741","settings":{"space":{"unit":"px","size":30,"sizes":[]}},"elements":[],"isInner":false,"widgetType":"spacer","elType":"widget"},{"id":"eb145d8","settings":{"text":"Know More","_animation":"fadeInRight","_animation_delay":300},"elements":[],"isInner":false,"widgetType":"button","elType":"widget"}],"isInner":true,"elType":"column"}],"isInner":true,"elType":"section"},{"id":"453d5f0","settings":{"space":{"unit":"px","size":80,"sizes":[]},"space_tablet":{"unit":"px","size":60,"sizes":[]},"space_mobile":{"unit":"px","size":50,"sizes":[]}},"elements":[],"isInner":false,"widgetType":"spacer","elType":"widget"},{"id":"335de4b0","settings":{"structure":"20","margin":{"unit":"px","top":"0","right":0,"bottom":"0","left":0,"isLinked":false},"padding":{"unit":"px","top":"0","right":"0","bottom":"0","left":"0","isLinked":false},"reverse_order_mobile":"reverse-mobile"},"elements":[{"id":"100eb9e8","settings":{"_column_size":50,"_inline_size":65,"_inline_size_tablet":60,"content_position":"center","margin":{"unit":"px","top":"0","right":"0","bottom":"0","left":"0","isLinked":false},"padding":{"unit":"px","top":"0","right":"30","bottom":"0","left":"50","isLinked":false},"padding_tablet":{"unit":"px","top":"0","right":"20","bottom":"0","left":"40","isLinked":false},"padding_mobile":{"unit":"px","top":"30","right":"20","bottom":"0","left":"20","isLinked":false}},"elements":[{"id":"26f5c262","settings":{"width":{"unit":"px","size":60,"sizes":[]},"text":"Divider","weight":{"unit":"px","size":5,"sizes":[]},"gap":{"unit":"px","size":0,"sizes":[]},"__globals__":{"color":"globals\/colors?id=primary"},"_animation":"fadeInLeft"},"elements":[],"isInner":false,"widgetType":"divider","elType":"widget"},{"id":"1164480a","settings":{"space":{"unit":"px","size":30,"sizes":[]}},"elements":[],"isInner":false,"widgetType":"spacer","elType":"widget"},{"id":"50fe2def","settings":{"title":"Winch-out","header_size":"h3","__globals__":{"title_color":"globals\/colors?id=d82685b"}},"elements":[],"isInner":false,"widgetType":"heading","elType":"widget"},{"id":"5f6b7a73","settings":{"space":{"unit":"px","size":10,"sizes":[]}},"elements":[],"isInner":false,"widgetType":"spacer","elType":"widget"},{"id":"5872d10f","settings":{"editor":"<p>Lorem ipsum dolor sit amet, consectetur adipiscing elit. Nulla sit amet risus orci. Integer pulvinar quam nisl, at maximus velit fringilla ut egestas lacus.<\/p>","__globals__":{"text_color":"globals\/colors?id=d82685b","typography_typography":"globals\/typography?id=text"}},"elements":[],"isInner":false,"widgetType":"text-editor","elType":"widget"},{"id":"50554b85","settings":{"space":{"unit":"px","size":30,"sizes":[]}},"elements":[],"isInner":false,"widgetType":"spacer","elType":"widget"},{"id":"1cbeda13","settings":{"text":"Know More","_animation":"fadeInLeft","_animation_delay":300},"elements":[],"isInner":false,"widgetType":"button","elType":"widget"}],"isInner":true,"elType":"column"},{"id":"24312640","settings":{"_column_size":50,"_inline_size":35,"_inline_size_tablet":40,"margin":{"unit":"px","top":"0","right":"0","bottom":"0","left":"0","isLinked":false},"padding":{"unit":"px","top":"0","right":"0","bottom":"0","left":"0","isLinked":false},"padding_tablet":{"unit":"px","top":"0","right":"20","bottom":"0","left":"0","isLinked":false},"padding_mobile":{"unit":"px","top":"0","right":"20","bottom":"0","left":"20","isLinked":false}},"elements":[{"id":"39f88359","settings":{"image":{"id":348,"url":"https:\/\/kitpapa.net\/towy\/wp-content\/uploads\/2023\/06\/towing-rope-on-the-table-PH465MQ-1-p8r4v5v3xhz33adc8xk72tj7nr6ycd7g29n1njjxdk.jpg","alt":"","source":"library","size":""},"image_size":"custom","image_custom_dimension":{"width":"300","height":"300"},"align":"left","css_filters_css_filter":"custom","css_filters_saturate":{"unit":"px","size":75,"sizes":[]}},"elements":[],"isInner":false,"widgetType":"image","elType":"widget"}],"isInner":true,"elType":"column"}],"isInner":true,"elType":"section"},{"id":"4919a58f","settings":{"space":{"unit":"px","size":80,"sizes":[]},"space_tablet":{"unit":"px","size":60,"sizes":[]},"space_mobile":{"unit":"px","size":50,"sizes":[]}},"elements":[],"isInner":false,"widgetType":"spacer","elType":"widget"},{"id":"36a546a6","settings":{"structure":"20","margin":{"unit":"px","top":"0","right":0,"bottom":"0","left":0,"isLinked":false},"padding":{"unit":"px","top":"0","right":"0","bottom":"0","left":"0","isLinked":false}},"elements":[{"id":"75a56d9b","settings":{"_column_size":50,"_inline_size":35,"_inline_size_tablet":40,"margin":{"unit":"px","top":"0","right":"0","bottom":"0","left":"0","isLinked":false},"padding":{"unit":"px","top":"0","right":"0","bottom":"0","left":"0","isLinked":false},"padding_tablet":{"unit":"px","top":"0","right":"0","bottom":"0","left":"20","isLinked":false},"padding_mobile":{"unit":"px","top":"0","right":"20","bottom":"0","left":"20","isLinked":false}},"elements":[{"id":"490a2e0","settings":{"image":{"id":353,"url":"https:\/\/kitpapa.net\/towy\/wp-content\/uploads\/2023\/06\/selective-focus-of-car-mechanic-changing-car-tire-2022-12-16-19-59-09-utc.jpg","alt":"","source":"library","size":""},"image_size":"custom","image_custom_dimension":{"width":"300","height":"300"},"align":"left","css_filters_css_filter":"custom","css_filters_saturate":{"unit":"px","size":75,"sizes":[]}},"elements":[],"isInner":false,"widgetType":"image","elType":"widget"}],"isInner":true,"elType":"column"},{"id":"345bb174","settings":{"_column_size":50,"_inline_size":65,"_inline_size_tablet":60,"content_position":"center","margin":{"unit":"px","top":"0","right":"0","bottom":"0","left":"0","isLinked":false},"padding":{"unit":"px","top":"0","right":"30","bottom":"0","left":"50","isLinked":false},"padding_tablet":{"unit":"px","top":"0","right":"20","bottom":"0","left":"40","isLinked":false},"padding_mobile":{"unit":"px","top":"30","right":"20","bottom":"0","left":"20","isLinked":false}},"elements":[{"id":"323aff77","settings":{"width":{"unit":"px","size":60,"sizes":[]},"text":"Divider","weight":{"unit":"px","size":5,"sizes":[]},"gap":{"unit":"px","size":0,"sizes":[]},"__globals__":{"color":"globals\/colors?id=primary"},"_animation":"fadeInRight"},"elements":[],"isInner":false,"widgetType":"divider","elType":"widget"},{"id":"73124a86","settings":{"space":{"unit":"px","size":30,"sizes":[]}},"elements":[],"isInner":false,"widgetType":"spacer","elType":"widget"},{"id":"616da6d9","settings":{"title":"Jump Starting","header_size":"h3","__globals__":{"title_color":"globals\/colors?id=d82685b"}},"elements":[],"isInner":false,"widgetType":"heading","elType":"widget"},{"id":"4454a03d","settings":{"space":{"unit":"px","size":10,"sizes":[]}},"elements":[],"isInner":false,"widgetType":"spacer","elType":"widget"},{"id":"69a4620c","settings":{"editor":"<p>Lorem ipsum dolor sit amet, consectetur adipiscing elit. Nulla sit amet risus orci. Integer pulvinar quam nisl, at maximus velit fringilla ut egestas lacus.<\/p>","__globals__":{"text_color":"globals\/colors?id=d82685b","typography_typography":"globals\/typography?id=text"}},"elements":[],"isInner":false,"widgetType":"text-editor","elType":"widget"},{"id":"9c34ffc","settings":{"space":{"unit":"px","size":30,"sizes":[]}},"elements":[],"isInner":false,"widgetType":"spacer","elType":"widget"},{"id":"7b198780","settings":{"text":"Know More","_animation":"fadeInRight","_animation_delay":300},"elements":[],"isInner":false,"widgetType":"button","elType":"widget"}],"isInner":true,"elType":"column"}],"isInner":true,"elType":"section"},{"id":"6077d672","settings":{"space":{"unit":"px","size":80,"sizes":[]},"space_tablet":{"unit":"px","size":60,"sizes":[]},"space_mobile":{"unit":"px","size":50,"sizes":[]}},"elements":[],"isInner":false,"widgetType":"spacer","elType":"widget"},{"id":"b9ebe1d","settings":{"structure":"20","margin":{"unit":"px","top":"0","right":0,"bottom":"0","left":0,"isLinked":false},"padding":{"unit":"px","top":"0","right":"0","bottom":"0","left":"0","isLinked":false},"reverse_order_mobile":"reverse-mobile"},"elements":[{"id":"563021ca","settings":{"_column_size":50,"_inline_size":65,"_inline_size_tablet":60,"content_position":"center","margin":{"unit":"px","top":"0","right":"0","bottom":"0","left":"0","isLinked":false},"padding":{"unit":"px","top":"0","right":"30","bottom":"0","left":"50","isLinked":false},"padding_tablet":{"unit":"px","top":"0","right":"20","bottom":"0","left":"40","isLinked":false},"padding_mobile":{"unit":"px","top":"30","right":"20","bottom":"0","left":"20","isLinked":false}},"elements":[{"id":"13f22ccd","settings":{"width":{"unit":"px","size":60,"sizes":[]},"text":"Divider","weight":{"unit":"px","size":5,"sizes":[]},"gap":{"unit":"px","size":0,"sizes":[]},"__globals__":{"color":"globals\/colors?id=primary"},"_animation":"fadeInLeft"},"elements":[],"isInner":false,"widgetType":"divider","elType":"widget"},{"id":"768b6f12","settings":{"space":{"unit":"px","size":30,"sizes":[]}},"elements":[],"isInner":false,"widgetType":"spacer","elType":"widget"},{"id":"bad21c5","settings":{"title":"On-site Repair","header_size":"h3","__globals__":{"title_color":"globals\/colors?id=d82685b"}},"elements":[],"isInner":false,"widgetType":"heading","elType":"widget"},{"id":"674ce08d","settings":{"space":{"unit":"px","size":10,"sizes":[]}},"elements":[],"isInner":false,"widgetType":"spacer","elType":"widget"},{"id":"22c4d0a9","settings":{"editor":"<p>Lorem ipsum dolor sit amet, consectetur adipiscing elit. Nulla sit amet risus orci. Integer pulvinar quam nisl, at maximus velit fringilla ut egestas lacus.<\/p>","__globals__":{"text_color":"globals\/colors?id=d82685b","typography_typography":"globals\/typography?id=text"}},"elements":[],"isInner":false,"widgetType":"text-editor","elType":"widget"},{"id":"34c95ab1","settings":{"space":{"unit":"px","size":30,"sizes":[]}},"elements":[],"isInner":false,"widgetType":"spacer","elType":"widget"},{"id":"eea9a39","settings":{"text":"Know More","_animation":"fadeInLeft","_animation_delay":300},"elements":[],"isInner":false,"widgetType":"button","elType":"widget"}],"isInner":true,"elType":"column"},{"id":"2b2cd341","settings":{"_column_size":50,"_inline_size":35,"_inline_size_tablet":40,"margin":{"unit":"px","top":"0","right":"0","bottom":"0","left":"0","isLinked":false},"padding":{"unit":"px","top":"0","right":"0","bottom":"0","left":"0","isLinked":false},"padding_tablet":{"unit":"px","top":"0","right":"20","bottom":"0","left":"0","isLinked":false},"padding_mobile":{"unit":"px","top":"0","right":"20","bottom":"0","left":"20","isLinked":false}},"elements":[{"id":"3c87ce51","settings":{"image":{"id":352,"url":"https:\/\/kitpapa.net\/towy\/wp-content\/uploads\/2023\/06\/garage-motor-maintenance-mechanic-fixing-spare-con-2022-12-15-22-55-34-utc.jpg","alt":"","source":"library","size":""},"image_size":"custom","image_custom_dimension":{"width":"300","height":"300"},"align":"left","css_filters_css_filter":"custom","css_filters_saturate":{"unit":"px","size":75,"sizes":[]}},"elements":[],"isInner":false,"widgetType":"image","elType":"widget"}],"isInner":true,"elType":"column"}],"isInner":true,"elType":"section"},{"id":"6460642","settings":{"space":{"unit":"px","size":80,"sizes":[]},"space_tablet":{"unit":"px","size":60,"sizes":[]},"space_mobile":{"unit":"px","size":50,"sizes":[]}},"elements":[],"isInner":false,"widgetType":"spacer","elType":"widget"},{"id":"2e35ed46","settings":{"structure":"20","margin":{"unit":"px","top":"0","right":0,"bottom":"0","left":0,"isLinked":false},"padding":{"unit":"px","top":"0","right":"0","bottom":"0","left":"0","isLinked":false}},"elements":[{"id":"293525fc","settings":{"_column_size":50,"_inline_size":35,"_inline_size_tablet":40,"margin":{"unit":"px","top":"0","right":"0","bottom":"0","left":"0","isLinked":false},"padding":{"unit":"px","top":"0","right":"0","bottom":"0","left":"0","isLinked":false},"padding_tablet":{"unit":"px","top":"0","right":"0","bottom":"0","left":"20","isLinked":false},"padding_mobile":{"unit":"px","top":"0","right":"20","bottom":"0","left":"20","isLinked":false}},"elements":[{"id":"3e0a2787","settings":{"image":{"id":358,"url":"https:\/\/kitpapa.net\/towy\/wp-content\/uploads\/2023\/06\/mot-vehicle-inspection-mechanic-repairing-fixing-2021-12-09-11-42-56-utc.jpg","alt":"","source":"library","size":""},"image_size":"custom","image_custom_dimension":{"width":"300","height":"300"},"align":"left","css_filters_css_filter":"custom","css_filters_saturate":{"unit":"px","size":75,"sizes":[]}},"elements":[],"isInner":false,"widgetType":"image","elType":"widget"}],"isInner":true,"elType":"column"},{"id":"2507092e","settings":{"_column_size":50,"_inline_size":65,"_inline_size_tablet":60,"content_position":"center","margin":{"unit":"px","top":"0","right":"0","bottom":"0","left":"0","isLinked":false},"padding":{"unit":"px","top":"0","right":"30","bottom":"0","left":"50","isLinked":false},"padding_tablet":{"unit":"px","top":"0","right":"20","bottom":"0","left":"40","isLinked":false},"padding_mobile":{"unit":"px","top":"30","right":"20","bottom":"0","left":"20","isLinked":false}},"elements":[{"id":"69572749","settings":{"width":{"unit":"px","size":60,"sizes":[]},"text":"Divider","weight":{"unit":"px","size":5,"sizes":[]},"gap":{"unit":"px","size":0,"sizes":[]},"__globals__":{"color":"globals\/colors?id=primary"},"_animation":"fadeInRight"},"elements":[],"isInner":false,"widgetType":"divider","elType":"widget"},{"id":"6a0cc28a","settings":{"space":{"unit":"px","size":30,"sizes":[]}},"elements":[],"isInner":false,"widgetType":"spacer","elType":"widget"},{"id":"267e4512","settings":{"title":"Tyre Change","header_size":"h3","__globals__":{"title_color":"globals\/colors?id=d82685b"}},"elements":[],"isInner":false,"widgetType":"heading","elType":"widget"},{"id":"38f80b60","settings":{"space":{"unit":"px","size":10,"sizes":[]}},"elements":[],"isInner":false,"widgetType":"spacer","elType":"widget"},{"id":"75453b84","settings":{"editor":"<p>Lorem ipsum dolor sit amet, consectetur adipiscing elit. Nulla sit amet risus orci. Integer pulvinar quam nisl, at maximus velit fringilla ut egestas lacus.<\/p>","__globals__":{"text_color":"globals\/colors?id=d82685b","typography_typography":"globals\/typography?id=text"}},"elements":[],"isInner":false,"widgetType":"text-editor","elType":"widget"},{"id":"5bdb32f1","settings":{"space":{"unit":"px","size":30,"sizes":[]}},"elements":[],"isInner":false,"widgetType":"spacer","elType":"widget"},{"id":"f2e8512","settings":{"text":"Know More","_animation":"fadeInRight","_animation_delay":300},"elements":[],"isInner":false,"widgetType":"button","elType":"widget"}],"isInner":true,"elType":"column"}],"isInner":true,"elType":"section"},{"id":"1b448b7b","settings":{"space":{"unit":"px","size":80,"sizes":[]},"space_tablet":{"unit":"px","size":60,"sizes":[]},"space_mobile":{"unit":"px","size":50,"sizes":[]}},"elements":[],"isInner":false,"widgetType":"spacer","elType":"widget"},{"id":"226b5342","settings":{"structure":"20","margin":{"unit":"px","top":"0","right":0,"bottom":"0","left":0,"isLinked":false},"padding":{"unit":"px","top":"0","right":"0","bottom":"0","left":"0","isLinked":false},"reverse_order_mobile":"reverse-mobile"},"elements":[{"id":"17f3ee9b","settings":{"_column_size":50,"_inline_size":65,"_inline_size_tablet":60,"content_position":"center","margin":{"unit":"px","top":"0","right":"0","bottom":"0","left":"0","isLinked":false},"padding":{"unit":"px","top":"0","right":"30","bottom":"0","left":"50","isLinked":false},"padding_tablet":{"unit":"px","top":"0","right":"20","bottom":"0","left":"40","isLinked":false},"padding_mobile":{"unit":"px","top":"30","right":"20","bottom":"0","left":"20","isLinked":false}},"elements":[{"id":"55da0fda","settings":{"width":{"unit":"px","size":60,"sizes":[]},"text":"Divider","weight":{"unit":"px","size":5,"sizes":[]},"gap":{"unit":"px","size":0,"sizes":[]},"__globals__":{"color":"globals\/colors?id=primary"},"_animation":"fadeInLeft"},"elements":[],"isInner":false,"widgetType":"divider","elType":"widget"},{"id":"4dd926ae","settings":{"space":{"unit":"px","size":30,"sizes":[]}},"elements":[],"isInner":false,"widgetType":"spacer","elType":"widget"},{"id":"cc5dde5","settings":{"title":"Storage Facility","header_size":"h3","__globals__":{"title_color":"globals\/colors?id=d82685b"}},"elements":[],"isInner":false,"widgetType":"heading","elType":"widget"},{"id":"4388d866","settings":{"space":{"unit":"px","size":10,"sizes":[]}},"elements":[],"isInner":false,"widgetType":"spacer","elType":"widget"},{"id":"28e23dde","settings":{"editor":"<p>Lorem ipsum dolor sit amet, consectetur adipiscing elit. Nulla sit amet risus orci. Integer pulvinar quam nisl, at maximus velit fringilla ut egestas lacus.<\/p>","__globals__":{"text_color":"globals\/colors?id=d82685b","typography_typography":"globals\/typography?id=text"}},"elements":[],"isInner":false,"widgetType":"text-editor","elType":"widget"},{"id":"584baa6b","settings":{"space":{"unit":"px","size":30,"sizes":[]}},"elements":[],"isInner":false,"widgetType":"spacer","elType":"widget"},{"id":"5dd255e9","settings":{"text":"Know More","_animation":"fadeInLeft","_animation_delay":300},"elements":[],"isInner":false,"widgetType":"button","elType":"widget"}],"isInner":true,"elType":"column"},{"id":"2bcd5653","settings":{"_column_size":50,"_inline_size":35,"_inline_size_tablet":40,"margin":{"unit":"px","top":"0","right":"0","bottom":"0","left":"0","isLinked":false},"padding":{"unit":"px","top":"0","right":"0","bottom":"0","left":"0","isLinked":false},"padding_tablet":{"unit":"px","top":"0","right":"20","bottom":"0","left":"0","isLinked":false},"padding_mobile":{"unit":"px","top":"0","right":"20","bottom":"0","left":"20","isLinked":false}},"elements":[{"id":"59fd5e36","settings":{"image":{"id":354,"url":"https:\/\/kitpapa.net\/towy\/wp-content\/uploads\/2023\/06\/emergency-alarm-panic-button-at-car-park-complex-f-PJG4ZF3-1-p8r4v9mgou48dq7vmz6pcsl21aof75mdes8zknecoo.jpg","alt":"","source":"library","size":""},"image_size":"custom","image_custom_dimension":{"width":"300","height":"300"},"align":"left","css_filters_css_filter":"custom","css_filters_saturate":{"unit":"px","size":75,"sizes":[]}},"elements":[],"isInner":false,"widgetType":"image","elType":"widget"}],"isInner":true,"elType":"column"}],"isInner":true,"elType":"section"}],"isInner":false,"elType":"column"},{"id":"9e08d9","settings":{"_column_size":33,"_inline_size":9,"margin":{"unit":"px","top":"0","right":"0","bottom":"0","left":"0","isLinked":false},"padding":{"unit":"px","top":"0","right":"0","bottom":"0","left":"0","isLinked":false},"hide_tablet":"hidden-tablet","hide_mobile":"hidden-phone"},"elements":[],"isInner":false,"elType":"column"}],"isInner":false,"elType":"section"}],"settings":{"template":"elementor_header_footer","eael_ext_toc_title":"Table of Contents"},"metadata":[]}