{"content":[{"id":"23f145cb","settings":{"background_background":"classic","background_overlay_background":"classic","background_overlay_image":{"id":386,"url":"https:\/\/kitpapa.net\/towy\/wp-content\/uploads\/2023\/06\/auto-mechanic-servicing-sports-car-2021-11-12-22-21-40-utc.jpg","alt":"","source":"library","size":""},"background_overlay_position":"center center","background_overlay_repeat":"no-repeat","background_overlay_size":"cover","background_overlay_opacity":{"unit":"px","size":0.3,"sizes":[]},"margin":{"unit":"px","top":"0","right":0,"bottom":"0","left":0,"isLinked":false},"padding":{"unit":"px","top":"150","right":"0","bottom":"150","left":"0","isLinked":false},"__globals__":{"background_color":"globals\/colors?id=text"},"_title":"Page Banner","padding_tablet":{"unit":"px","top":"120","right":"0","bottom":"120","left":"0","isLinked":false},"padding_mobile":{"unit":"px","top":"90","right":"0","bottom":"90","left":"0","isLinked":false}},"elements":[{"id":"590c6f9","settings":{"_column_size":100,"_inline_size":null,"margin":{"unit":"px","top":"0","right":"0","bottom":"0","left":"0","isLinked":false},"padding":{"unit":"px","top":"0","right":"0","bottom":"0","left":"0","isLinked":false},"padding_tablet":{"unit":"px","top":"0","right":"0","bottom":"0","left":"20","isLinked":false},"padding_mobile":{"unit":"px","top":"0","right":"10","bottom":"0","left":"20","isLinked":false}},"elements":[{"id":"73735026","settings":{"title":"Testimonial","header_size":"h1","__globals__":{"title_color":"globals\/colors?id=primary"},"_animation":"fadeInLeft"},"elements":[],"isInner":false,"widgetType":"heading","elType":"widget"},{"id":"6268ad83","settings":[],"elements":[],"isInner":false,"widgetType":"spacer","elType":"widget"},{"id":"508366cc","settings":{"width":{"unit":"px","size":100,"sizes":[]},"text":"Divider","weight":{"unit":"px","size":5,"sizes":[]},"gap":{"unit":"px","size":0,"sizes":[]},"__globals__":{"color":"globals\/colors?id=31a16b8"},"_animation":"fadeInLeft","_animation_delay":300},"elements":[],"isInner":false,"widgetType":"divider","elType":"widget"}],"isInner":false,"elType":"column"}],"isInner":false,"elType":"section"},{"id":"174ba5ba","settings":{"structure":"20","margin":{"unit":"px","top":"0","right":0,"bottom":"0","left":0,"isLinked":false},"padding":{"unit":"px","top":"0","right":"0","bottom":"0","left":"0","isLinked":false},"background_background":"classic","background_overlay_opacity":{"unit":"px","size":1,"sizes":[]},"_title":"Call Us","__globals__":{"background_overlay_color":"globals\/colors?id=secondary","background_color":"globals\/colors?id=secondary"}},"elements":[{"id":"3ea39c23","settings":{"_column_size":50,"_inline_size":50,"margin":{"unit":"px","top":"0","right":"0","bottom":"0","left":"0","isLinked":false},"padding":{"unit":"px","top":"0","right":"0","bottom":"0","left":"0","isLinked":false},"_inline_size_tablet":35,"hide_mobile":"hidden-phone"},"elements":[],"isInner":false,"elType":"column"},{"id":"60721a53","settings":{"_column_size":50,"_inline_size":50,"background_background":"classic","background_overlay_background":"classic","background_overlay_image":{"id":245,"url":"https:\/\/kitpapa.net\/towy\/wp-content\/uploads\/2023\/06\/2towy-wheel_2-1.png","alt":"","source":"library","size":""},"background_overlay_position":"top left","background_overlay_repeat":"no-repeat","background_overlay_size":"auto","background_overlay_opacity":{"unit":"px","size":0.15,"sizes":[]},"css_filters_css_filter":"custom","css_filters_saturate":{"unit":"px","size":0,"sizes":[]},"overlay_blend_mode":"multiply","border_radius":{"unit":"px","top":"10","right":"10","bottom":"10","left":"10","isLinked":true},"margin":{"unit":"px","top":"-80","right":"0","bottom":"0","left":"0","isLinked":false},"padding":{"unit":"px","top":"50","right":"40","bottom":"50","left":"40","isLinked":false},"__globals__":{"background_color":"globals\/colors?id=primary"},"_inline_size_tablet":65,"margin_tablet":{"unit":"px","top":"-60","right":"20","bottom":"0","left":"0","isLinked":false},"margin_mobile":{"unit":"px","top":"-50","right":"20","bottom":"0","left":"20","isLinked":false},"padding_mobile":{"unit":"px","top":"30","right":"20","bottom":"30","left":"20","isLinked":false},"animation":"fadeInRight","animation_delay":600},"elements":[{"id":"39237ad5","settings":{"title":"24\/7 emergency towing","header_size":"h4","__globals__":{"title_color":"globals\/colors?id=d82685b"}},"elements":[],"isInner":false,"widgetType":"heading","elType":"widget"},{"id":"7ccb8ecc","settings":{"space":{"unit":"px","size":10,"sizes":[]}},"elements":[],"isInner":false,"widgetType":"spacer","elType":"widget"},{"id":"226fcf8f","settings":{"title":"+88 123 456 789","__globals__":{"title_color":"globals\/colors?id=d82685b"}},"elements":[],"isInner":false,"widgetType":"heading","elType":"widget"}],"isInner":false,"elType":"column"}],"isInner":false,"elType":"section"},{"id":"17b03677","settings":{"structure":"20","background_background":"classic","margin":{"unit":"px","top":"0","right":0,"bottom":"0","left":0,"isLinked":false},"padding":{"unit":"px","top":"100","right":"0","bottom":"160","left":"0","isLinked":false},"__globals__":{"background_color":"globals\/colors?id=secondary"},"_title":"Testimonials","padding_tablet":{"unit":"px","top":"80","right":"0","bottom":"120","left":"0","isLinked":false},"padding_mobile":{"unit":"px","top":"60","right":"0","bottom":"60","left":"0","isLinked":false}},"elements":[{"id":"6ec0e90b","settings":{"_column_size":50,"_inline_size":null,"border_width":{"unit":"px","top":"0","right":"0","bottom":"1","left":"0","isLinked":false},"margin":{"unit":"px","top":"0","right":"0","bottom":"0","left":"0","isLinked":false},"padding":{"unit":"px","top":"0","right":"20","bottom":"0","left":"0","isLinked":false},"__globals__":{"border_color":"globals\/colors?id=31b7c84"},"padding_tablet":{"unit":"px","top":"0","right":"20","bottom":"0","left":"20","isLinked":false},"padding_mobile":{"unit":"px","top":"0","right":"0","bottom":"60","left":"0","isLinked":false}},"elements":[{"id":"2cceaf05","settings":{"structure":"20","margin":{"unit":"px","top":"0","right":0,"bottom":"0","left":0,"isLinked":false},"padding":{"unit":"px","top":"0","right":"0","bottom":"0","left":"0","isLinked":false}},"elements":[{"id":"7b5a7c30","settings":{"_column_size":50,"_inline_size":30,"margin":{"unit":"px","top":"0","right":"0","bottom":"0","left":"0","isLinked":false},"padding":{"unit":"px","top":"0","right":"20","bottom":"0","left":"0","isLinked":false},"padding_mobile":{"unit":"px","top":"0","right":"20","bottom":"20","left":"20","isLinked":false},"content_position":"center"},"elements":[{"id":"43ca6ce3","settings":{"image":{"id":368,"url":"https:\/\/kitpapa.net\/towy\/wp-content\/uploads\/2023\/06\/happy-woman-traveling-in-bus-KW9WRCG-1-p8r4z1wzjbynlkroti718yqhw0r25ekvbkr0moqdk0.jpg","alt":"","source":"library","size":""},"image_size":"custom","image_custom_dimension":{"width":"80","height":"80"},"_mask_switch":"yes"},"elements":[],"isInner":false,"widgetType":"image","elType":"widget"},{"id":"11042d88","settings":{"space":{"unit":"px","size":20,"sizes":[]}},"elements":[],"isInner":false,"widgetType":"spacer","elType":"widget"},{"id":"345a9e20","settings":{"title":"Daniel Grant","header_size":"h6","align":"center","__globals__":{"title_color":"globals\/colors?id=d82685b","typography_typography":"globals\/typography?id=primary"}},"elements":[],"isInner":false,"widgetType":"heading","elType":"widget"}],"isInner":true,"elType":"column"},{"id":"77e637d9","settings":{"_column_size":50,"_inline_size":70,"content_position":"center","margin":{"unit":"px","top":"0","right":"0","bottom":"0","left":"0","isLinked":false},"padding":{"unit":"px","top":"0","right":"0","bottom":"0","left":"0","isLinked":false},"padding_mobile":{"unit":"px","top":"0","right":"20","bottom":"0","left":"20","isLinked":false}},"elements":[{"id":"e334405","settings":{"selected_icon":{"value":"fas fa-quote-left","library":"fa-solid"},"align":"left","size":{"unit":"px","size":18,"sizes":[]},"__globals__":{"primary_color":"globals\/colors?id=31a16b8"}},"elements":[],"isInner":false,"widgetType":"icon","elType":"widget"},{"id":"25746b4a","settings":{"space":{"unit":"px","size":10,"sizes":[]}},"elements":[],"isInner":false,"widgetType":"spacer","elType":"widget"},{"id":"22749d9a","settings":{"editor":"<p>Lorem ipsum dolor sit amet. Sed pretium scelerisque sodales. Etiam erat sapien, euismod nec sem ut, faucibus suscipit quam.\u00a0<\/p>","__globals__":{"text_color":"globals\/colors?id=d82685b"}},"elements":[],"isInner":false,"widgetType":"text-editor","elType":"widget"},{"id":"56b2c12","settings":{"selected_icon":{"value":"fas fa-quote-right","library":"fa-solid"},"align":"right","size":{"unit":"px","size":18,"sizes":[]},"__globals__":{"primary_color":"globals\/colors?id=primary"}},"elements":[],"isInner":false,"widgetType":"icon","elType":"widget"}],"isInner":true,"elType":"column"}],"isInner":true,"elType":"section"},{"id":"99c1aa4","settings":{"text":"Divider","gap":{"unit":"px","size":50,"sizes":[]},"__globals__":{"color":"globals\/colors?id=31b7c84"},"gap_tablet":{"unit":"px","size":40,"sizes":[]},"gap_mobile":{"unit":"px","size":32,"sizes":[]}},"elements":[],"isInner":false,"widgetType":"divider","elType":"widget"},{"id":"633bf580","settings":{"structure":"20","margin":{"unit":"px","top":"0","right":0,"bottom":"0","left":0,"isLinked":false},"padding":{"unit":"px","top":"0","right":"0","bottom":"0","left":"0","isLinked":false}},"elements":[{"id":"8ac314f","settings":{"_column_size":50,"_inline_size":30,"margin":{"unit":"px","top":"0","right":"0","bottom":"0","left":"0","isLinked":false},"padding":{"unit":"px","top":"0","right":"20","bottom":"0","left":"0","isLinked":false},"padding_mobile":{"unit":"px","top":"0","right":"20","bottom":"20","left":"20","isLinked":false},"content_position":"center"},"elements":[{"id":"34584d76","settings":{"image":{"id":365,"url":"https:\/\/kitpapa.net\/towy\/wp-content\/uploads\/2023\/06\/retired-man-smiling-while-watching-a-movie-X8NHAS2-1-p8r4z6m6hi537mkv22863fjsuy3w7w3j080g12jeow.jpg","alt":"","source":"library","size":""},"image_size":"custom","image_custom_dimension":{"width":"80","height":"80"},"_mask_switch":"yes"},"elements":[],"isInner":false,"widgetType":"image","elType":"widget"},{"id":"3bc086ec","settings":{"space":{"unit":"px","size":20,"sizes":[]}},"elements":[],"isInner":false,"widgetType":"spacer","elType":"widget"},{"id":"7ac74516","settings":{"title":"Walter Ellis","header_size":"h6","align":"center","__globals__":{"title_color":"globals\/colors?id=d82685b","typography_typography":"globals\/typography?id=primary"}},"elements":[],"isInner":false,"widgetType":"heading","elType":"widget"}],"isInner":true,"elType":"column"},{"id":"46d6cfb8","settings":{"_column_size":50,"_inline_size":70,"content_position":"center","margin":{"unit":"px","top":"0","right":"0","bottom":"0","left":"0","isLinked":false},"padding":{"unit":"px","top":"0","right":"0","bottom":"0","left":"0","isLinked":false},"padding_mobile":{"unit":"px","top":"0","right":"20","bottom":"0","left":"20","isLinked":false}},"elements":[{"id":"6368c30a","settings":{"selected_icon":{"value":"fas fa-quote-left","library":"fa-solid"},"align":"left","size":{"unit":"px","size":18,"sizes":[]},"__globals__":{"primary_color":"globals\/colors?id=31a16b8"}},"elements":[],"isInner":false,"widgetType":"icon","elType":"widget"},{"id":"228958ac","settings":{"space":{"unit":"px","size":10,"sizes":[]}},"elements":[],"isInner":false,"widgetType":"spacer","elType":"widget"},{"id":"6d7b0f90","settings":{"editor":"<p>Nunc orci nulla, mollis sodales sit amet, condimentum vitae elit. Nam laoreet aliquet tristique. Sed vestibulum est consectetur venenatis malesuada.<\/p>","__globals__":{"text_color":"globals\/colors?id=d82685b"}},"elements":[],"isInner":false,"widgetType":"text-editor","elType":"widget"},{"id":"3e3232cf","settings":{"selected_icon":{"value":"fas fa-quote-right","library":"fa-solid"},"align":"right","size":{"unit":"px","size":18,"sizes":[]},"__globals__":{"primary_color":"globals\/colors?id=primary"}},"elements":[],"isInner":false,"widgetType":"icon","elType":"widget"}],"isInner":true,"elType":"column"}],"isInner":true,"elType":"section"},{"id":"7556ef7e","settings":{"text":"Divider","gap":{"unit":"px","size":50,"sizes":[]},"__globals__":{"color":"globals\/colors?id=31b7c84"},"gap_tablet":{"unit":"px","size":40,"sizes":[]},"gap_mobile":{"unit":"px","size":32,"sizes":[]}},"elements":[],"isInner":false,"widgetType":"divider","elType":"widget"},{"id":"1b1a440f","settings":{"structure":"20","margin":{"unit":"px","top":"0","right":0,"bottom":"0","left":0,"isLinked":false},"padding":{"unit":"px","top":"0","right":"0","bottom":"0","left":"0","isLinked":false}},"elements":[{"id":"6531ec9c","settings":{"_column_size":50,"_inline_size":30,"margin":{"unit":"px","top":"0","right":"0","bottom":"0","left":"0","isLinked":false},"padding":{"unit":"px","top":"0","right":"20","bottom":"0","left":"0","isLinked":false},"padding_mobile":{"unit":"px","top":"0","right":"20","bottom":"20","left":"20","isLinked":false},"content_position":"center"},"elements":[{"id":"310d9101","settings":{"image":{"id":250,"url":"https:\/\/kitpapa.net\/towy\/wp-content\/uploads\/2023\/06\/young-beautiful-woman-smiling-and-taking-selfie-ph.jpg","alt":"","source":"library","size":""},"image_size":"custom","image_custom_dimension":{"width":"80","height":"80"},"_mask_switch":"yes"},"elements":[],"isInner":false,"widgetType":"image","elType":"widget"},{"id":"1b5ea182","settings":{"space":{"unit":"px","size":20,"sizes":[]}},"elements":[],"isInner":false,"widgetType":"spacer","elType":"widget"},{"id":"6e4dccaa","settings":{"title":"Kimberly Smith","header_size":"h6","align":"center","__globals__":{"title_color":"globals\/colors?id=d82685b","typography_typography":"globals\/typography?id=primary"}},"elements":[],"isInner":false,"widgetType":"heading","elType":"widget"}],"isInner":true,"elType":"column"},{"id":"5e666dad","settings":{"_column_size":50,"_inline_size":70,"content_position":"center","margin":{"unit":"px","top":"0","right":"0","bottom":"0","left":"0","isLinked":false},"padding":{"unit":"px","top":"0","right":"0","bottom":"0","left":"0","isLinked":false},"padding_mobile":{"unit":"px","top":"0","right":"20","bottom":"0","left":"20","isLinked":false}},"elements":[{"id":"5e9ad607","settings":{"selected_icon":{"value":"fas fa-quote-left","library":"fa-solid"},"align":"left","size":{"unit":"px","size":18,"sizes":[]},"__globals__":{"primary_color":"globals\/colors?id=31a16b8"}},"elements":[],"isInner":false,"widgetType":"icon","elType":"widget"},{"id":"c8691e0","settings":{"space":{"unit":"px","size":10,"sizes":[]}},"elements":[],"isInner":false,"widgetType":"spacer","elType":"widget"},{"id":"4f7fd153","settings":{"editor":"<p>Etiam vehicula, lorem sit amet eleifend viverra, neque purus luctus arcu, vel consectetur risus massa eget massa. Donec sodales blandit faucibus.<\/p>","__globals__":{"text_color":"globals\/colors?id=d82685b"}},"elements":[],"isInner":false,"widgetType":"text-editor","elType":"widget"},{"id":"634ca2a4","settings":{"selected_icon":{"value":"fas fa-quote-right","library":"fa-solid"},"align":"right","size":{"unit":"px","size":18,"sizes":[]},"__globals__":{"primary_color":"globals\/colors?id=primary"}},"elements":[],"isInner":false,"widgetType":"icon","elType":"widget"}],"isInner":true,"elType":"column"}],"isInner":true,"elType":"section"}],"isInner":false,"elType":"column"},{"id":"3ddea452","settings":{"_column_size":50,"_inline_size":null,"border_width":{"unit":"px","top":"0","right":"0","bottom":"1","left":"0","isLinked":false},"margin":{"unit":"px","top":"0","right":"0","bottom":"0","left":"0","isLinked":false},"padding":{"unit":"px","top":"0","right":"0","bottom":"0","left":"20","isLinked":false},"__globals__":{"border_color":"globals\/colors?id=31b7c84"},"padding_tablet":{"unit":"px","top":"0","right":"20","bottom":"0","left":"20","isLinked":false},"padding_mobile":{"unit":"px","top":"0","right":"0","bottom":"0","left":"0","isLinked":false}},"elements":[{"id":"4432e768","settings":{"structure":"20","margin":{"unit":"px","top":"0","right":0,"bottom":"0","left":0,"isLinked":false},"padding":{"unit":"px","top":"0","right":"0","bottom":"0","left":"0","isLinked":false}},"elements":[{"id":"10b44911","settings":{"_column_size":50,"_inline_size":30,"margin":{"unit":"px","top":"0","right":"0","bottom":"0","left":"0","isLinked":false},"padding":{"unit":"px","top":"0","right":"20","bottom":"0","left":"0","isLinked":false},"padding_mobile":{"unit":"px","top":"0","right":"20","bottom":"20","left":"20","isLinked":false},"content_position":"center"},"elements":[{"id":"74b723a4","settings":{"image":{"id":251,"url":"https:\/\/kitpapa.net\/towy\/wp-content\/uploads\/2023\/06\/young-woman-smiling-and-talking-a-selfie-.jpg","alt":"","source":"library","size":""},"image_size":"custom","image_custom_dimension":{"width":"80","height":"80"},"_mask_switch":"yes"},"elements":[],"isInner":false,"widgetType":"image","elType":"widget"},{"id":"14cd5978","settings":{"space":{"unit":"px","size":20,"sizes":[]}},"elements":[],"isInner":false,"widgetType":"spacer","elType":"widget"},{"id":"6b04866b","settings":{"title":"Joshua Weaver","header_size":"h6","align":"center","__globals__":{"title_color":"globals\/colors?id=d82685b","typography_typography":"globals\/typography?id=primary"}},"elements":[],"isInner":false,"widgetType":"heading","elType":"widget"}],"isInner":true,"elType":"column"},{"id":"1ff12d8e","settings":{"_column_size":50,"_inline_size":70,"content_position":"center","margin":{"unit":"px","top":"0","right":"0","bottom":"0","left":"0","isLinked":false},"padding":{"unit":"px","top":"0","right":"0","bottom":"0","left":"0","isLinked":false},"padding_mobile":{"unit":"px","top":"0","right":"20","bottom":"0","left":"20","isLinked":false}},"elements":[{"id":"53591e36","settings":{"selected_icon":{"value":"fas fa-quote-left","library":"fa-solid"},"align":"left","size":{"unit":"px","size":18,"sizes":[]},"__globals__":{"primary_color":"globals\/colors?id=31a16b8"}},"elements":[],"isInner":false,"widgetType":"icon","elType":"widget"},{"id":"1c6e8308","settings":{"space":{"unit":"px","size":10,"sizes":[]}},"elements":[],"isInner":false,"widgetType":"spacer","elType":"widget"},{"id":"192aa459","settings":{"editor":"<p>Donec cursus lorem ac augue placerat finibus ac et lectus. In facilisis, nisl quis convallis mollis, risus mi sollicitudin tortor.<\/p>","__globals__":{"text_color":"globals\/colors?id=d82685b"}},"elements":[],"isInner":false,"widgetType":"text-editor","elType":"widget"},{"id":"3af1a80f","settings":{"selected_icon":{"value":"fas fa-quote-right","library":"fa-solid"},"align":"right","size":{"unit":"px","size":18,"sizes":[]},"__globals__":{"primary_color":"globals\/colors?id=primary"}},"elements":[],"isInner":false,"widgetType":"icon","elType":"widget"}],"isInner":true,"elType":"column"}],"isInner":true,"elType":"section"},{"id":"5b558fe5","settings":{"text":"Divider","gap":{"unit":"px","size":50,"sizes":[]},"__globals__":{"color":"globals\/colors?id=31b7c84"},"gap_tablet":{"unit":"px","size":40,"sizes":[]},"gap_mobile":{"unit":"px","size":32,"sizes":[]}},"elements":[],"isInner":false,"widgetType":"divider","elType":"widget"},{"id":"9bc73d7","settings":{"structure":"20","margin":{"unit":"px","top":"0","right":0,"bottom":"0","left":0,"isLinked":false},"padding":{"unit":"px","top":"0","right":"0","bottom":"0","left":"0","isLinked":false}},"elements":[{"id":"4a12f8b9","settings":{"_column_size":50,"_inline_size":30,"margin":{"unit":"px","top":"0","right":"0","bottom":"0","left":"0","isLinked":false},"padding":{"unit":"px","top":"0","right":"20","bottom":"0","left":"0","isLinked":false},"padding_mobile":{"unit":"px","top":"0","right":"20","bottom":"20","left":"20","isLinked":false},"content_position":"center"},"elements":[{"id":"651348cb","settings":{"image":{"id":368,"url":"https:\/\/kitpapa.net\/towy\/wp-content\/uploads\/2023\/06\/happy-woman-traveling-in-bus-KW9WRCG-1-p8r4z1wzjbynlkroti718yqhw0r25ekvbkr0moqdk0.jpg","alt":"","source":"library","size":""},"image_size":"custom","image_custom_dimension":{"width":"80","height":"80"},"_mask_switch":"yes"},"elements":[],"isInner":false,"widgetType":"image","elType":"widget"},{"id":"11c0c197","settings":{"space":{"unit":"px","size":20,"sizes":[]}},"elements":[],"isInner":false,"widgetType":"spacer","elType":"widget"},{"id":"2a034f57","settings":{"title":"Martha Dixon","header_size":"h6","align":"center","__globals__":{"title_color":"globals\/colors?id=d82685b","typography_typography":"globals\/typography?id=primary"}},"elements":[],"isInner":false,"widgetType":"heading","elType":"widget"}],"isInner":true,"elType":"column"},{"id":"5e38fb06","settings":{"_column_size":50,"_inline_size":70,"content_position":"center","margin":{"unit":"px","top":"0","right":"0","bottom":"0","left":"0","isLinked":false},"padding":{"unit":"px","top":"0","right":"0","bottom":"0","left":"0","isLinked":false},"padding_mobile":{"unit":"px","top":"0","right":"20","bottom":"0","left":"20","isLinked":false}},"elements":[{"id":"3aeddc8d","settings":{"selected_icon":{"value":"fas fa-quote-left","library":"fa-solid"},"align":"left","size":{"unit":"px","size":18,"sizes":[]},"__globals__":{"primary_color":"globals\/colors?id=31a16b8"}},"elements":[],"isInner":false,"widgetType":"icon","elType":"widget"},{"id":"183efd08","settings":{"space":{"unit":"px","size":10,"sizes":[]}},"elements":[],"isInner":false,"widgetType":"spacer","elType":"widget"},{"id":"177ba763","settings":{"editor":"<p>Sed rhoncus velit tempor mauris lobortis, venenatis tempus sem faucibus. Quisque placerat velit in leo rhoncus, non scelerisque ligula varius.<\/p>","__globals__":{"text_color":"globals\/colors?id=d82685b"}},"elements":[],"isInner":false,"widgetType":"text-editor","elType":"widget"},{"id":"46b9e20a","settings":{"selected_icon":{"value":"fas fa-quote-right","library":"fa-solid"},"align":"right","size":{"unit":"px","size":18,"sizes":[]},"__globals__":{"primary_color":"globals\/colors?id=primary"}},"elements":[],"isInner":false,"widgetType":"icon","elType":"widget"}],"isInner":true,"elType":"column"}],"isInner":true,"elType":"section"},{"id":"38bdd8a5","settings":{"text":"Divider","gap":{"unit":"px","size":50,"sizes":[]},"__globals__":{"color":"globals\/colors?id=31b7c84"},"gap_tablet":{"unit":"px","size":40,"sizes":[]},"gap_mobile":{"unit":"px","size":32,"sizes":[]}},"elements":[],"isInner":false,"widgetType":"divider","elType":"widget"},{"id":"4893f8c4","settings":{"structure":"20","margin":{"unit":"px","top":"0","right":0,"bottom":"0","left":0,"isLinked":false},"padding":{"unit":"px","top":"0","right":"0","bottom":"0","left":"0","isLinked":false}},"elements":[{"id":"c5574e7","settings":{"_column_size":50,"_inline_size":30,"margin":{"unit":"px","top":"0","right":"0","bottom":"0","left":"0","isLinked":false},"padding":{"unit":"px","top":"0","right":"20","bottom":"0","left":"0","isLinked":false},"padding_mobile":{"unit":"px","top":"0","right":"20","bottom":"20","left":"20","isLinked":false},"content_position":"center"},"elements":[{"id":"56f4f58","settings":{"image":{"id":367,"url":"https:\/\/kitpapa.net\/towy\/wp-content\/uploads\/2023\/06\/young-mixed-race-woman-smiling-PX7KWPD-1-p8r4z4qi3u2ikenld1ewyg0vo6d5shw2byph2im71c.jpg","alt":"","source":"library","size":""},"image_size":"custom","image_custom_dimension":{"width":"80","height":"80"},"_mask_switch":"yes"},"elements":[],"isInner":false,"widgetType":"image","elType":"widget"},{"id":"25aea02f","settings":{"space":{"unit":"px","size":20,"sizes":[]}},"elements":[],"isInner":false,"widgetType":"spacer","elType":"widget"},{"id":"710ed22d","settings":{"title":"Steven West","header_size":"h6","align":"center","__globals__":{"title_color":"globals\/colors?id=d82685b","typography_typography":"globals\/typography?id=primary"}},"elements":[],"isInner":false,"widgetType":"heading","elType":"widget"}],"isInner":true,"elType":"column"},{"id":"25abeaf2","settings":{"_column_size":50,"_inline_size":70,"content_position":"center","margin":{"unit":"px","top":"0","right":"0","bottom":"0","left":"0","isLinked":false},"padding":{"unit":"px","top":"0","right":"0","bottom":"0","left":"0","isLinked":false},"padding_mobile":{"unit":"px","top":"0","right":"20","bottom":"0","left":"20","isLinked":false}},"elements":[{"id":"61b40201","settings":{"selected_icon":{"value":"fas fa-quote-left","library":"fa-solid"},"align":"left","size":{"unit":"px","size":18,"sizes":[]},"__globals__":{"primary_color":"globals\/colors?id=31a16b8"}},"elements":[],"isInner":false,"widgetType":"icon","elType":"widget"},{"id":"51fbd2d3","settings":{"space":{"unit":"px","size":10,"sizes":[]}},"elements":[],"isInner":false,"widgetType":"spacer","elType":"widget"},{"id":"4edd70a0","settings":{"editor":"<p>Quisque eleifend sed felis commodo mollis. Aliquam feugiat feugiat dui vel euismod. Suspendisse hendrerit orci a molestie consectetur luctus.<\/p>","__globals__":{"text_color":"globals\/colors?id=d82685b"}},"elements":[],"isInner":false,"widgetType":"text-editor","elType":"widget"},{"id":"65b751e6","settings":{"selected_icon":{"value":"fas fa-quote-right","library":"fa-solid"},"align":"right","size":{"unit":"px","size":18,"sizes":[]},"__globals__":{"primary_color":"globals\/colors?id=primary"}},"elements":[],"isInner":false,"widgetType":"icon","elType":"widget"}],"isInner":true,"elType":"column"}],"isInner":true,"elType":"section"}],"isInner":false,"elType":"column"}],"isInner":false,"elType":"section"},{"id":"6cbfb5f9","settings":{"structure":"20","background_background":"classic","margin":{"unit":"px","top":"0","right":0,"bottom":"0","left":0,"isLinked":false},"padding":{"unit":"px","top":"0","right":"0","bottom":"100","left":"0","isLinked":false},"padding_tablet":{"unit":"px","top":"0","right":"0","bottom":"80","left":"0","isLinked":false},"padding_mobile":{"unit":"px","top":"60","right":"0","bottom":"60","left":"0","isLinked":false},"__globals__":{"background_color":"globals\/colors?id=text"},"_title":"Numbers"},"elements":[{"id":"1f006a9b","settings":{"_column_size":50,"_inline_size":30,"margin":{"unit":"px","top":"-80","right":"0","bottom":"0","left":"0","isLinked":false},"margin_tablet":{"unit":"px","top":"0","right":"0","bottom":"0","left":"0","isLinked":false},"margin_mobile":{"unit":"px","top":"0","right":"0","bottom":"0","left":"0","isLinked":false},"padding":{"unit":"px","top":"0","right":"0","bottom":"0","left":"0","isLinked":false},"padding_mobile":{"unit":"px","top":"0","right":"20","bottom":"0","left":"20","isLinked":false},"hide_tablet":"hidden-tablet","hide_mobile":"hidden-phone","animation":"fadeInLeft"},"elements":[{"id":"54c41c2d","settings":{"image":{"id":197,"url":"https:\/\/kitpapa.net\/towy\/wp-content\/uploads\/2023\/06\/car-loan-problems-and-vehicle-repossession-using-t-FDRTHGP-768x512-1.jpg","alt":"","source":"library","size":""},"image_size":"custom","image_custom_dimension":{"width":"400","height":"500"},"align":"left","image_border_radius":{"unit":"px","top":"10","right":"10","bottom":"10","left":"10","isLinked":true},"css_filters_css_filter":"custom","css_filters_saturate":{"unit":"px","size":75,"sizes":[]}},"elements":[],"isInner":false,"widgetType":"image","elType":"widget"}],"isInner":false,"elType":"column"},{"id":"22b5809d","settings":{"_column_size":50,"_inline_size":70,"_inline_size_tablet":100,"content_position":"center","margin":{"unit":"px","top":"0","right":"0","bottom":"0","left":"0","isLinked":false},"padding":{"unit":"px","top":"0","right":"0","bottom":"0","left":"0","isLinked":false}},"elements":[{"id":"1b2273f6","settings":{"space":{"unit":"px","size":80,"sizes":[]},"space_tablet":{"unit":"px","size":70,"sizes":[]},"space_mobile":{"unit":"px","size":0,"sizes":[]}},"elements":[],"isInner":false,"widgetType":"spacer","elType":"widget"},{"id":"2f5bb831","settings":{"title":"Numbers Speak","__globals__":{"title_color":"globals\/colors?id=d82685b"},"align":"center","header_size":"h3"},"elements":[],"isInner":false,"widgetType":"heading","elType":"widget"},{"id":"ed22bc7","settings":{"space":{"unit":"px","size":30,"sizes":[]}},"elements":[],"isInner":false,"widgetType":"spacer","elType":"widget"},{"id":"224784a9","settings":{"width":{"unit":"px","size":60,"sizes":[]},"text":"Divider","weight":{"unit":"px","size":5,"sizes":[]},"gap":{"unit":"px","size":0,"sizes":[]},"__globals__":{"color":"globals\/colors?id=31a16b8"},"align":"center","_animation":"fadeInRight","_animation_delay":300},"elements":[],"isInner":false,"widgetType":"divider","elType":"widget"},{"id":"5e83906b","settings":{"space":{"unit":"px","size":40,"sizes":[]}},"elements":[],"isInner":false,"widgetType":"spacer","elType":"widget"},{"id":"1d9cd15d","settings":{"structure":"30","margin":{"unit":"px","top":"0","right":0,"bottom":"0","left":0,"isLinked":false},"padding":{"unit":"px","top":"0","right":"0","bottom":"0","left":"0","isLinked":false}},"elements":[{"id":"70e66c07","settings":{"_column_size":33,"_inline_size":null,"border_border":"solid","border_width":{"unit":"px","top":"0","right":"1","bottom":"0","left":"0","isLinked":false},"border_width_mobile":{"unit":"px","top":"0","right":"0","bottom":"1","left":"0","isLinked":false},"margin":{"unit":"px","top":"0","right":"0","bottom":"0","left":"0","isLinked":false},"padding":{"unit":"px","top":"0","right":"20","bottom":"0","left":"20","isLinked":false},"padding_mobile":{"unit":"px","top":"0","right":"20","bottom":"20","left":"20","isLinked":false},"__globals__":{"border_color":"globals\/colors?id=31b7c84"}},"elements":[{"id":"342aa8db","settings":{"ending_number":12,"title":"Years Experience","__globals__":{"number_color":"globals\/colors?id=primary","typography_number_typography":"globals\/typography?id=primary","title_color":"globals\/colors?id=31a16b8","typography_title_typography":"globals\/typography?id=secondary"}},"elements":[],"isInner":false,"widgetType":"counter","elType":"widget"}],"isInner":true,"elType":"column"},{"id":"45395ec3","settings":{"_column_size":33,"_inline_size":null,"border_border":"solid","border_width":{"unit":"px","top":"0","right":"1","bottom":"0","left":"0","isLinked":false},"border_width_mobile":{"unit":"px","top":"0","right":"0","bottom":"1","left":"0","isLinked":false},"margin":{"unit":"px","top":"0","right":"0","bottom":"0","left":"0","isLinked":false},"padding":{"unit":"px","top":"0","right":"20","bottom":"0","left":"20","isLinked":false},"padding_mobile":{"unit":"px","top":"30","right":"20","bottom":"20","left":"20","isLinked":false},"__globals__":{"border_color":"globals\/colors?id=31b7c84"}},"elements":[{"id":"1acc3a24","settings":{"ending_number":24,"suffix":"\/7","title":"Response","__globals__":{"number_color":"globals\/colors?id=primary","typography_number_typography":"globals\/typography?id=primary","title_color":"globals\/colors?id=31a16b8","typography_title_typography":"globals\/typography?id=secondary"}},"elements":[],"isInner":false,"widgetType":"counter","elType":"widget"}],"isInner":true,"elType":"column"},{"id":"3f17f223","settings":{"_column_size":33,"_inline_size":null,"margin":{"unit":"px","top":"0","right":"0","bottom":"0","left":"0","isLinked":false},"padding":{"unit":"px","top":"0","right":"20","bottom":"0","left":"20","isLinked":false},"padding_mobile":{"unit":"px","top":"30","right":"20","bottom":"0","left":"20","isLinked":false}},"elements":[{"id":"17388a01","settings":{"suffix":"+","title":"Mechanics","__globals__":{"number_color":"globals\/colors?id=primary","typography_number_typography":"globals\/typography?id=primary","title_color":"globals\/colors?id=31a16b8","typography_title_typography":"globals\/typography?id=secondary"}},"elements":[],"isInner":false,"widgetType":"counter","elType":"widget"}],"isInner":true,"elType":"column"}],"isInner":true,"elType":"section"}],"isInner":false,"elType":"column"}],"isInner":false,"elType":"section"},{"id":"9c7797c","settings":{"structure":"30","background_background":"classic","background_overlay_background":"classic","background_overlay_image":{"id":289,"url":"https:\/\/kitpapa.net\/towy\/wp-content\/uploads\/2023\/06\/professional-tow-truck-driver-fastening-the-car-fo-2022-11-28-18-50-02-utc-1.jpg","alt":"","source":"library","size":""},"background_overlay_position":"center center","background_overlay_attachment":"fixed","background_overlay_repeat":"no-repeat","background_overlay_size":"cover","background_overlay_opacity":{"unit":"px","size":0.1,"sizes":[]},"margin":{"unit":"px","top":"0","right":0,"bottom":"0","left":0,"isLinked":false},"padding":{"unit":"px","top":"100","right":"0","bottom":"160","left":"0","isLinked":false},"__globals__":{"background_color":"globals\/colors?id=primary"},"padding_tablet":{"unit":"px","top":"80","right":"0","bottom":"120","left":"0","isLinked":false},"padding_mobile":{"unit":"px","top":"60","right":"0","bottom":"90","left":"0","isLinked":false},"_title":"Divider Banner","animation":"none"},"elements":[{"id":"16c3f235","settings":{"_column_size":33,"_inline_size":15,"margin":{"unit":"px","top":"0","right":"0","bottom":"0","left":"0","isLinked":false},"padding":{"unit":"px","top":"0","right":"0","bottom":"0","left":"0","isLinked":false}},"elements":[],"isInner":false,"elType":"column"},{"id":"1b2daf4c","settings":{"_column_size":33,"_inline_size":69.332,"margin":{"unit":"px","top":"0","right":"0","bottom":"0","left":"0","isLinked":false},"padding":{"unit":"px","top":"0","right":"0","bottom":"0","left":"0","isLinked":false},"padding_mobile":{"unit":"px","top":"0","right":"20","bottom":"0","left":"20","isLinked":false}},"elements":[{"id":"1a6bc689","settings":{"title":"REFER A FRIEND IN DISTRESS AND HE WILL GET","header_size":"h4","__globals__":{"title_color":"globals\/colors?id=d82685b"},"align":"center"},"elements":[],"isInner":false,"widgetType":"heading","elType":"widget"},{"id":"5e94a23f","settings":{"space":{"unit":"px","size":30,"sizes":[]}},"elements":[],"isInner":false,"widgetType":"spacer","elType":"widget"},{"id":"2c449fef","settings":{"title":"PRICE REDUCED BY 15%","align":"center","__globals__":{"title_color":"globals\/colors?id=d82685b"}},"elements":[],"isInner":false,"widgetType":"heading","elType":"widget"}],"isInner":false,"elType":"column"},{"id":"669f4a21","settings":{"_column_size":33,"_inline_size":15,"margin":{"unit":"px","top":"0","right":"0","bottom":"0","left":"0","isLinked":false},"padding":{"unit":"px","top":"0","right":"0","bottom":"0","left":"0","isLinked":false}},"elements":[],"isInner":false,"elType":"column"}],"isInner":false,"elType":"section"}],"settings":{"template":"elementor_header_footer","eael_ext_toc_title":"Table of Contents"},"metadata":[]}