{"content":[{"id":"7bc45b4e","settings":{"background_background":"classic","background_overlay_background":"classic","background_overlay_image":{"id":299,"url":"https:\/\/kitpapa.net\/towy\/wp-content\/uploads\/2023\/06\/an-auto-mechanic-changing-oil-pours-oil-into-a-car-2022-07-08-18-55-28-utc.jpg","alt":"","source":"library","size":""},"background_overlay_position":"center center","background_overlay_repeat":"no-repeat","background_overlay_size":"cover","background_overlay_opacity":{"unit":"px","size":0.3,"sizes":[]},"margin":{"unit":"px","top":"0","right":0,"bottom":"0","left":0,"isLinked":false},"padding":{"unit":"px","top":"150","right":"0","bottom":"150","left":"0","isLinked":false},"__globals__":{"background_color":"globals\/colors?id=text"},"_title":"Page Banner","padding_tablet":{"unit":"px","top":"120","right":"0","bottom":"120","left":"0","isLinked":false},"padding_mobile":{"unit":"px","top":"90","right":"0","bottom":"90","left":"0","isLinked":false}},"elements":[{"id":"6182f077","settings":{"_column_size":100,"_inline_size":null,"margin":{"unit":"px","top":"0","right":"0","bottom":"0","left":"0","isLinked":false},"padding":{"unit":"px","top":"0","right":"0","bottom":"0","left":"0","isLinked":false},"padding_tablet":{"unit":"px","top":"0","right":"0","bottom":"0","left":"20","isLinked":false},"padding_mobile":{"unit":"px","top":"0","right":"10","bottom":"0","left":"20","isLinked":false}},"elements":[{"id":"2d7250e6","settings":{"title":"FAQ","header_size":"h1","__globals__":{"title_color":"globals\/colors?id=primary"},"_animation":"fadeInLeft"},"elements":[],"isInner":false,"widgetType":"heading","elType":"widget"},{"id":"4c9ef61b","settings":[],"elements":[],"isInner":false,"widgetType":"spacer","elType":"widget"},{"id":"57bd848d","settings":{"width":{"unit":"px","size":100,"sizes":[]},"text":"Divider","weight":{"unit":"px","size":5,"sizes":[]},"gap":{"unit":"px","size":0,"sizes":[]},"__globals__":{"color":"globals\/colors?id=31a16b8"},"_animation":"fadeInLeft","_animation_delay":300},"elements":[],"isInner":false,"widgetType":"divider","elType":"widget"}],"isInner":false,"elType":"column"}],"isInner":false,"elType":"section"},{"id":"585e0b14","settings":{"structure":"20","margin":{"unit":"px","top":"0","right":0,"bottom":"0","left":0,"isLinked":false},"padding":{"unit":"px","top":"0","right":"0","bottom":"0","left":"0","isLinked":false},"background_background":"classic","background_overlay_opacity":{"unit":"px","size":1,"sizes":[]},"_title":"Call Us","__globals__":{"background_overlay_color":"globals\/colors?id=secondary","background_color":"globals\/colors?id=secondary"}},"elements":[{"id":"b129dbb","settings":{"_column_size":50,"_inline_size":50,"margin":{"unit":"px","top":"0","right":"0","bottom":"0","left":"0","isLinked":false},"padding":{"unit":"px","top":"0","right":"0","bottom":"0","left":"0","isLinked":false},"_inline_size_tablet":35,"hide_mobile":"hidden-phone"},"elements":[],"isInner":false,"elType":"column"},{"id":"461edc55","settings":{"_column_size":50,"_inline_size":50,"background_background":"classic","background_overlay_background":"classic","background_overlay_image":{"id":245,"url":"https:\/\/kitpapa.net\/towy\/wp-content\/uploads\/2023\/06\/2towy-wheel_2-1.png","alt":"","source":"library","size":""},"background_overlay_position":"top left","background_overlay_repeat":"no-repeat","background_overlay_size":"auto","background_overlay_opacity":{"unit":"px","size":0.15,"sizes":[]},"css_filters_css_filter":"custom","css_filters_saturate":{"unit":"px","size":0,"sizes":[]},"overlay_blend_mode":"multiply","border_radius":{"unit":"px","top":"10","right":"10","bottom":"10","left":"10","isLinked":true},"margin":{"unit":"px","top":"-80","right":"0","bottom":"0","left":"0","isLinked":false},"padding":{"unit":"px","top":"50","right":"40","bottom":"50","left":"40","isLinked":false},"__globals__":{"background_color":"globals\/colors?id=primary"},"_inline_size_tablet":65,"margin_tablet":{"unit":"px","top":"-60","right":"20","bottom":"0","left":"0","isLinked":false},"margin_mobile":{"unit":"px","top":"-50","right":"20","bottom":"0","left":"20","isLinked":false},"padding_mobile":{"unit":"px","top":"30","right":"20","bottom":"30","left":"20","isLinked":false},"animation":"fadeInRight","animation_delay":600},"elements":[{"id":"581d1e4d","settings":{"title":"24\/7 emergency towing","header_size":"h4","__globals__":{"title_color":"globals\/colors?id=d82685b"}},"elements":[],"isInner":false,"widgetType":"heading","elType":"widget"},{"id":"36031efd","settings":{"space":{"unit":"px","size":10,"sizes":[]}},"elements":[],"isInner":false,"widgetType":"spacer","elType":"widget"},{"id":"405a769c","settings":{"title":"+88 123 456 789","__globals__":{"title_color":"globals\/colors?id=d82685b"}},"elements":[],"isInner":false,"widgetType":"heading","elType":"widget"}],"isInner":false,"elType":"column"}],"isInner":false,"elType":"section"},{"id":"68091a76","settings":{"margin":{"unit":"px","top":"0","right":0,"bottom":"0","left":0,"isLinked":false},"padding":{"unit":"px","top":"100","right":"0","bottom":"100","left":"0","isLinked":false},"structure":"20","background_background":"classic","__globals__":{"background_color":"globals\/colors?id=secondary"},"padding_tablet":{"unit":"px","top":"80","right":"0","bottom":"80","left":"0","isLinked":false},"padding_mobile":{"unit":"px","top":"60","right":"0","bottom":"60","left":"0","isLinked":false},"_title":"Text + Logos"},"elements":[{"id":"6a743cee","settings":{"_column_size":50,"_inline_size":60,"margin":{"unit":"px","top":"0","right":"0","bottom":"0","left":"0","isLinked":false},"padding":{"unit":"px","top":"0","right":"100","bottom":"0","left":"0","isLinked":false},"padding_tablet":{"unit":"px","top":"0","right":"0","bottom":"0","left":"20","isLinked":false},"padding_mobile":{"unit":"px","top":"0","right":"20","bottom":"30","left":"20","isLinked":false}},"elements":[{"id":"74125494","settings":{"title":"Frequently Asked Questions","__globals__":{"title_color":"globals\/colors?id=d82685b"}},"elements":[],"isInner":false,"widgetType":"heading","elType":"widget"},{"id":"1b72b5be","settings":{"space":{"unit":"px","size":30,"sizes":[]}},"elements":[],"isInner":false,"widgetType":"spacer","elType":"widget"},{"id":"27dd551d","settings":{"width":{"unit":"px","size":60,"sizes":[]},"text":"Divider","weight":{"unit":"px","size":5,"sizes":[]},"gap":{"unit":"px","size":0,"sizes":[]},"__globals__":{"color":"globals\/colors?id=31a16b8"},"_animation":"fadeInLeft"},"elements":[],"isInner":false,"widgetType":"divider","elType":"widget"},{"id":"39430585","settings":{"space":{"unit":"px","size":30,"sizes":[]}},"elements":[],"isInner":false,"widgetType":"spacer","elType":"widget"},{"id":"6c29a9b5","settings":{"title":"Why Would I Need to Be Towed?","header_size":"h4","__globals__":{"title_color":"globals\/colors?id=d82685b"}},"elements":[],"isInner":false,"widgetType":"heading","elType":"widget"},{"id":"65bab40d","settings":{"space":{"unit":"px","size":10,"sizes":[]}},"elements":[],"isInner":false,"widgetType":"spacer","elType":"widget"},{"id":"7a69a784","settings":{"editor":"<p>In facilisis, nisl quis convallis mollis, risus mi sollicitudin tortor, sit amet elementum est nulla ut sapien. Nunc orci nulla, mollis et sodales sit amet, condimentum vitae elit. Nam laoreet aliquet tristique.<\/p>","__globals__":{"text_color":"globals\/colors?id=d82685b","typography_typography":"globals\/typography?id=text"}},"elements":[],"isInner":false,"widgetType":"text-editor","elType":"widget"}],"isInner":false,"elType":"column"},{"id":"757375d8","settings":{"_column_size":50,"_inline_size":40,"margin":{"unit":"px","top":"0","right":"0","bottom":"0","left":"0","isLinked":false},"padding":{"unit":"px","top":"0","right":"0","bottom":"0","left":"0","isLinked":false},"content_position":"center","padding_tablet":{"unit":"px","top":"0","right":"20","bottom":"0","left":"0","isLinked":false},"padding_mobile":{"unit":"px","top":"0","right":"20","bottom":"0","left":"20","isLinked":false},"animation":"fadeIn","animation_delay":300},"elements":[{"id":"66551f51","settings":{"carousel":[{"id":303,"url":"https:\/\/kitpapa.net\/towy\/wp-content\/uploads\/2023\/06\/6.png"},{"id":304,"url":"https:\/\/kitpapa.net\/towy\/wp-content\/uploads\/2023\/06\/5.png"},{"id":305,"url":"https:\/\/kitpapa.net\/towy\/wp-content\/uploads\/2023\/06\/4.png"},{"id":306,"url":"https:\/\/kitpapa.net\/towy\/wp-content\/uploads\/2023\/06\/3.png"},{"id":307,"url":"https:\/\/kitpapa.net\/towy\/wp-content\/uploads\/2023\/06\/2.png"},{"id":308,"url":"https:\/\/kitpapa.net\/towy\/wp-content\/uploads\/2023\/06\/1.png"}],"slides_to_show":"1","__globals__":{"arrows_color":"globals\/colors?id=31a16b8","dots_color":"globals\/colors?id=31a16b8"}},"elements":[],"isInner":false,"widgetType":"image-carousel","elType":"widget"}],"isInner":false,"elType":"column"}],"isInner":false,"elType":"section"},{"id":"f5e49a2","settings":{"background_background":"classic","margin":{"unit":"px","top":"0","right":0,"bottom":"0","left":0,"isLinked":false},"padding":{"unit":"px","top":"100","right":"0","bottom":"160","left":"0","isLinked":false},"padding_tablet":{"unit":"px","top":"80","right":"0","bottom":"120","left":"0","isLinked":false},"padding_mobile":{"unit":"px","top":"60","right":"0","bottom":"90","left":"0","isLinked":false},"__globals__":{"background_color":"globals\/colors?id=primary"},"structure":"30","background_overlay_background":"classic","background_overlay_image":{"id":218,"url":"https:\/\/kitpapa.net\/towy\/wp-content\/uploads\/2023\/06\/mechanic-changing-a-car-tire-in-a-workshop-on-a-ca-2023-03-15-08-49-00-utc.jpg","alt":"","source":"library","size":""},"background_overlay_position":"center center","background_overlay_attachment":"fixed","background_overlay_repeat":"no-repeat","background_overlay_size":"cover","background_overlay_opacity":{"unit":"px","size":0.05,"sizes":[]},"_title":"FAQ"},"elements":[{"id":"581cf7d","settings":{"_column_size":33,"_inline_size":10,"margin":{"unit":"px","top":"0","right":"0","bottom":"0","left":"0","isLinked":false},"padding":{"unit":"px","top":"0","right":"0","bottom":"0","left":"0","isLinked":false}},"elements":[],"isInner":false,"elType":"column"},{"id":"61888d86","settings":{"_column_size":33,"_inline_size":79.332,"margin":{"unit":"px","top":"0","right":"0","bottom":"0","left":"0","isLinked":false},"padding":{"unit":"px","top":"0","right":"0","bottom":"0","left":"0","isLinked":false}},"elements":[{"id":"10e970d8","settings":{"structure":"20","margin":{"unit":"px","top":"0","right":0,"bottom":"0","left":0,"isLinked":false},"padding":{"unit":"px","top":"0","right":"0","bottom":"0","left":"0","isLinked":false}},"elements":[{"id":"18c38b8","settings":{"_column_size":50,"_inline_size":null,"margin":{"unit":"px","top":"0","right":"0","bottom":"0","left":"0","isLinked":false},"padding":{"unit":"px","top":"0","right":"20","bottom":"0","left":"0","isLinked":false},"__globals__":{"background_color":""},"padding_mobile":{"unit":"px","top":"0","right":"20","bottom":"30","left":"20","isLinked":false}},"elements":[{"id":"c75ec36","settings":{"tabs":[{"tab_title":"Does My Car Insurance Company Cover Roadside Assistance or Towing Costs?","tab_content":"<p>Pellentesque habitant morbi tristique senectus et netus et malesuada fames ac turpis egestas. Suspendisse feugiat ex nibh, cursus mollis nunc semper quis. Morbi maximus mi vitae nisl scelerisque mattis.<\/p>","_id":"6059278"},{"tab_title":"What if I need to get towed after an accident?","tab_content":"<p>Suspendisse feugiat ex nibh, cursus mollis nunc semper quis. Morbi maximus mi vitae nisl scelerisque mattis.<\/p>","_id":"6ac0096"},{"tab_title":"How Much Does Towing Cost Per Day?","tab_content":"<p>Pellentesque habitant morbi tristique senectus et netus et malesuada fames ac turpis egestas. Suspendisse feugiat ex nibh, cursus mollis nunc semper quis. Morbi maximus mi vitae nisl scelerisque mattis.<\/p>","_id":"46e2304"},{"tab_title":"How Much Does Boat Towing Cost?","tab_content":"<p>Pellentesque habitant morbi tristique senectus et netus et malesuada fames ac turpis egestas. Suspendisse feugiat ex nibh, cursus mollis nunc semper quis.<\/p>","_id":"c8dc0f0"},{"tab_title":"How Much Does a Camper, RV, or Big Rig Cost To Tow?","tab_content":"<p>Pellentesque habitant morbi tristique senectus et netus et malesuada fames ac turpis egestas. Suspendisse feugiat ex nibh, cursus mollis nunc semper quis. Morbi maximus mi vitae nisl scelerisque mattis.<\/p>","_id":"9486d5c"}],"border_width":{"unit":"px","size":2,"sizes":[]},"title_padding":{"unit":"px","top":"20","right":"20","bottom":"20","left":"20","isLinked":false},"icon_align":"right","icon_space":{"unit":"px","size":10,"sizes":[]},"__globals__":{"border_color":"globals\/colors?id=secondary","title_color":"globals\/colors?id=text","tab_active_color":"globals\/colors?id=d82685b","title_typography_typography":"globals\/typography?id=secondary","content_color":"globals\/colors?id=text","content_typography_typography":"globals\/typography?id=text"}},"elements":[],"isInner":false,"widgetType":"accordion","elType":"widget"}],"isInner":true,"elType":"column"},{"id":"6839d612","settings":{"_column_size":50,"_inline_size":null,"margin":{"unit":"px","top":"0","right":"0","bottom":"0","left":"0","isLinked":false},"padding":{"unit":"px","top":"0","right":"0","bottom":"0","left":"20","isLinked":false},"padding_mobile":{"unit":"px","top":"0","right":"20","bottom":"0","left":"20","isLinked":false}},"elements":[{"id":"ff98dea","settings":{"tabs":[{"tab_title":"My car is all-wheel-drive, does it require a flatbed tow truck?","tab_content":"<p>Lorem ipsum dolor sit amet, consectetur adipiscing elit. Ut elit tellus, luctus nec ullamcorper mattis, pulvinar dapibus leo.<\/p>","_id":"6059278"},{"tab_title":"My car has an automatic transmission, can it be towed with the drive wheels on the ground?","tab_content":"<p>Pellentesque habitant morbi tristique senectus et netus et malesuada fames ac turpis egestas. Suspendisse feugiat ex nibh, cursus mollis nunc semper quis. Morbi maximus mi vitae nisl scelerisque mattis.<\/p>","_id":"6ac0096"},{"tab_title":"Does it cost more to get towed on a weekend or a holiday?","tab_content":"Lorem ipsum dolor sit amet, consectetur adipiscing elit. Ut elit tellus, luctus nec ullamcorper mattis, pulvinar dapibus leo.","_id":"46e2304"},{"tab_title":"Are tow trucks inspected for road worthiness?","tab_content":"<p>Pellentesque habitant morbi tristique senectus et netus et malesuada fames ac turpis egestas. Suspendisse feugiat ex nibh, cursus mollis nunc semper quis. Morbi maximus mi vitae nisl scelerisque mattis.<\/p>","_id":"c8dc0f0"},{"tab_title":"Is towing rough on my car?","tab_content":"Lorem ipsum dolor sit amet, consectetur adipiscing elit. Ut elit tellus, luctus nec ullamcorper mattis, pulvinar dapibus leo.","_id":"9486d5c"}],"border_width":{"unit":"px","size":2,"sizes":[]},"title_padding":{"unit":"px","top":"20","right":"20","bottom":"20","left":"20","isLinked":false},"icon_align":"right","icon_space":{"unit":"px","size":10,"sizes":[]},"__globals__":{"border_color":"globals\/colors?id=secondary","title_color":"globals\/colors?id=text","tab_active_color":"globals\/colors?id=d82685b","title_typography_typography":"globals\/typography?id=secondary","content_color":"globals\/colors?id=text","content_typography_typography":"globals\/typography?id=text"}},"elements":[],"isInner":false,"widgetType":"accordion","elType":"widget"}],"isInner":true,"elType":"column"}],"isInner":true,"elType":"section"}],"isInner":false,"elType":"column"},{"id":"17dd9aa9","settings":{"_column_size":33,"_inline_size":10,"margin":{"unit":"px","top":"0","right":"0","bottom":"0","left":"0","isLinked":false},"padding":{"unit":"px","top":"0","right":"0","bottom":"0","left":"0","isLinked":false}},"elements":[],"isInner":false,"elType":"column"}],"isInner":false,"elType":"section"}],"settings":{"template":"elementor_header_footer","eael_ext_toc_title":"Table of Contents"},"metadata":[]}