{"content":[{"id":"126af1cb","settings":{"background_background":"classic","background_overlay_background":"classic","background_overlay_image":{"id":428,"url":"https:\/\/kitpapa.net\/towy\/wp-content\/uploads\/2023\/06\/car-repair-and-maintenance-theme-2021-08-31-09-22-17-utc.jpg","alt":"","source":"library","size":""},"background_overlay_position":"center center","background_overlay_repeat":"no-repeat","background_overlay_size":"cover","background_overlay_opacity":{"unit":"px","size":0.3,"sizes":[]},"margin":{"unit":"px","top":"0","right":0,"bottom":"0","left":0,"isLinked":false},"padding":{"unit":"px","top":"150","right":"0","bottom":"150","left":"0","isLinked":false},"__globals__":{"background_color":"globals\/colors?id=text"},"_title":"Page Banner","padding_tablet":{"unit":"px","top":"120","right":"0","bottom":"120","left":"0","isLinked":false},"padding_mobile":{"unit":"px","top":"90","right":"0","bottom":"90","left":"0","isLinked":false}},"elements":[{"id":"549e9e41","settings":{"_column_size":100,"_inline_size":null,"margin":{"unit":"px","top":"0","right":"0","bottom":"0","left":"0","isLinked":false},"padding":{"unit":"px","top":"0","right":"0","bottom":"0","left":"0","isLinked":false},"padding_tablet":{"unit":"px","top":"0","right":"0","bottom":"0","left":"20","isLinked":false},"padding_mobile":{"unit":"px","top":"0","right":"10","bottom":"0","left":"20","isLinked":false}},"elements":[{"id":"2120afcc","settings":{"title":"Blog","header_size":"h1","__globals__":{"title_color":"globals\/colors?id=primary"},"_animation":"fadeInLeft"},"elements":[],"isInner":false,"widgetType":"heading","elType":"widget"},{"id":"554bd3eb","settings":[],"elements":[],"isInner":false,"widgetType":"spacer","elType":"widget"},{"id":"50fb491e","settings":{"width":{"unit":"px","size":100,"sizes":[]},"text":"Divider","weight":{"unit":"px","size":5,"sizes":[]},"gap":{"unit":"px","size":0,"sizes":[]},"__globals__":{"color":"globals\/colors?id=31a16b8"},"_animation":"fadeInLeft","_animation_delay":300},"elements":[],"isInner":false,"widgetType":"divider","elType":"widget"}],"isInner":false,"elType":"column"}],"isInner":false,"elType":"section"},{"id":"1572d1c2","settings":{"structure":"20","margin":{"unit":"px","top":"0","right":0,"bottom":"0","left":0,"isLinked":false},"padding":{"unit":"px","top":"0","right":"0","bottom":"0","left":"0","isLinked":false},"background_background":"classic","background_overlay_opacity":{"unit":"px","size":1,"sizes":[]},"_title":"Call Us","__globals__":{"background_overlay_color":"globals\/colors?id=secondary","background_color":"globals\/colors?id=secondary"}},"elements":[{"id":"64d3f94f","settings":{"_column_size":50,"_inline_size":50,"margin":{"unit":"px","top":"0","right":"0","bottom":"0","left":"0","isLinked":false},"padding":{"unit":"px","top":"0","right":"0","bottom":"0","left":"0","isLinked":false},"_inline_size_tablet":35,"hide_mobile":"hidden-phone"},"elements":[],"isInner":false,"elType":"column"},{"id":"36d86c75","settings":{"_column_size":50,"_inline_size":50,"background_background":"classic","background_overlay_background":"classic","background_overlay_image":{"id":245,"url":"https:\/\/kitpapa.net\/towy\/wp-content\/uploads\/2023\/06\/2towy-wheel_2-1.png","alt":"","source":"library","size":""},"background_overlay_position":"top left","background_overlay_repeat":"no-repeat","background_overlay_size":"auto","background_overlay_opacity":{"unit":"px","size":0.15,"sizes":[]},"css_filters_css_filter":"custom","css_filters_saturate":{"unit":"px","size":0,"sizes":[]},"overlay_blend_mode":"multiply","border_radius":{"unit":"px","top":"10","right":"10","bottom":"10","left":"10","isLinked":true},"margin":{"unit":"px","top":"-80","right":"0","bottom":"0","left":"0","isLinked":false},"padding":{"unit":"px","top":"50","right":"40","bottom":"50","left":"40","isLinked":false},"__globals__":{"background_color":"globals\/colors?id=primary"},"_inline_size_tablet":65,"margin_tablet":{"unit":"px","top":"-60","right":"20","bottom":"0","left":"0","isLinked":false},"margin_mobile":{"unit":"px","top":"-50","right":"20","bottom":"0","left":"20","isLinked":false},"padding_mobile":{"unit":"px","top":"30","right":"20","bottom":"30","left":"20","isLinked":false},"animation":"fadeInRight","animation_delay":600},"elements":[{"id":"7b9db0b4","settings":{"title":"24\/7 emergency towing","header_size":"h4","__globals__":{"title_color":"globals\/colors?id=d82685b"}},"elements":[],"isInner":false,"widgetType":"heading","elType":"widget"},{"id":"76a8d83","settings":{"space":{"unit":"px","size":10,"sizes":[]}},"elements":[],"isInner":false,"widgetType":"spacer","elType":"widget"},{"id":"6075d7ef","settings":{"title":"+88 123 456 789","__globals__":{"title_color":"globals\/colors?id=d82685b"}},"elements":[],"isInner":false,"widgetType":"heading","elType":"widget"}],"isInner":false,"elType":"column"}],"isInner":false,"elType":"section"},{"id":"4ed30a2d","settings":{"margin":{"unit":"px","top":"0","right":0,"bottom":"0","left":0,"isLinked":false},"padding":{"unit":"px","top":"100","right":"0","bottom":"50","left":"0","isLinked":false},"structure":"30","background_background":"classic","padding_tablet":{"unit":"px","top":"80","right":"0","bottom":"40","left":"0","isLinked":false},"padding_mobile":{"unit":"px","top":"60","right":"0","bottom":"30","left":"0","isLinked":false},"__globals__":{"background_color":"globals\/colors?id=secondary"},"_title":"Posts"},"elements":[{"id":"7f481894","settings":{"_column_size":33,"_inline_size":10,"margin":{"unit":"px","top":"0","right":"0","bottom":"0","left":"0","isLinked":false},"padding":{"unit":"px","top":"0","right":"0","bottom":"0","left":"0","isLinked":false}},"elements":[],"isInner":false,"elType":"column"},{"id":"343c08ed","settings":{"_column_size":33,"_inline_size":79.332,"margin":{"unit":"px","top":"0","right":"0","bottom":"0","left":"0","isLinked":false},"padding":{"unit":"px","top":"0","right":"0","bottom":"0","left":"0","isLinked":false},"padding_mobile":{"unit":"px","top":"0","right":"20","bottom":"0","left":"20","isLinked":false}},"elements":[{"id":"6e003c4a","settings":{"posts_per_page":6,"eael_post_grid_columns":"eael-col-2","layout_mode":"grid","show_load_more_text":"Load More","image_size":"medium_large","postgrid_image_height":{"unit":"px","size":200,"sizes":[]},"title_tag":"h4","eael_title_length":5,"eael_excerpt_length":13,"excerpt_expanison_indicator":"...","eael_read_more_text":"Read More","eael_show_read_more_button":"","read_more_button_text":"Read More","eael_post_grid_preset_style":"two","eael_post_grid_bg_color":"","eael_post_grid_spacing":{"unit":"px","top":"0","right":"10","bottom":"50","left":"10","isLinked":false},"eael_post_grid_border_border":"solid","eael_post_grid_border_width":{"unit":"px","top":"0","right":"0","bottom":"1","left":"0","isLinked":false},"eael_post_grid_border_color":"#473C3B","eael_post_grid_border_radius":{"unit":"px","top":"0","right":"0","bottom":"0","left":"0","isLinked":false},"eael_post_grid_thumbnail_radius":{"unit":"px","top":"0","right":"0","bottom":"0","left":"0","isLinked":false},"eael_post_grid_meta_footer_margin":{"unit":"px","top":"0","right":"0","bottom":"0","left":"0","isLinked":false},"eael_post_grid_title_color":"#ED4E09","eael_post_grid_title_hover_color":"#F2991F","eael_post_grid_title_typography_typography":"custom","eael_post_grid_title_typography_font_family":"Prompt","eael_post_grid_title_typography_font_weight":"700","eael_post_grid_title_margin":{"unit":"px","top":"10","right":"0","bottom":"5","left":"0","isLinked":false},"eael_post_grid_excerpt_color":"#FFFFFF","eael_post_grid_excerpt_typography_typography":"custom","eael_post_grid_excerpt_typography_font_family":"Noto Sans","eael_post_grid_excerpt_typography_font_weight":"400","eael_post_grid_excerpt_margin":{"unit":"px","top":"5","right":"0","bottom":"10","left":"0","isLinked":false},"eael_post_grid_bg_hover_icon_new":{"value":"fas fa-caret-right","library":"fa-solid"},"eael_post_grid_hover_bg_color":"#0D0D0D99","eael_post_grid_hover_bg_radius":{"unit":"px","top":"0","right":"0","bottom":"0","left":"0","isLinked":false},"eael_post_grid_hover_icon_fontsize":{"unit":"px","size":24,"sizes":[]},"__globals__":{"eael_post_grid_title_color":"globals\/colors?id=primary","eael_post_grid_title_hover_color":"globals\/colors?id=accent","eael_post_grid_title_typography_typography":"globals\/typography?id=primary","eael_post_grid_excerpt_color":"globals\/colors?id=d82685b","eael_post_grid_excerpt_typography_typography":"globals\/typography?id=text","eael_post_grid_border_color":"globals\/colors?id=31b7c84","eael_post_grid_hover_bg_color":""}},"elements":[],"isInner":false,"widgetType":"eael-post-grid","elType":"widget"}],"isInner":false,"elType":"column"},{"id":"435d500e","settings":{"_column_size":33,"_inline_size":10,"margin":{"unit":"px","top":"0","right":"0","bottom":"0","left":"0","isLinked":false},"padding":{"unit":"px","top":"0","right":"0","bottom":"0","left":"0","isLinked":false}},"elements":[],"isInner":false,"elType":"column"}],"isInner":false,"elType":"section"},{"id":"69ba96ed","settings":{"structure":"30","background_background":"classic","background_overlay_background":"classic","background_overlay_image":{"id":215,"url":"https:\/\/kitpapa.net\/towy\/wp-content\/uploads\/2023\/06\/close-up-of-mechanic-repairing-a-car-wheel-season-2023-03-15-01-39-52-utc.jpg","alt":"","source":"library","size":""},"background_overlay_position":"center center","background_overlay_attachment":"fixed","background_overlay_repeat":"no-repeat","background_overlay_size":"cover","background_overlay_opacity":{"unit":"px","size":0.1,"sizes":[]},"margin":{"unit":"px","top":"0","right":0,"bottom":"0","left":0,"isLinked":false},"padding":{"unit":"px","top":"100","right":"0","bottom":"160","left":"0","isLinked":false},"__globals__":{"background_color":"globals\/colors?id=primary"},"padding_tablet":{"unit":"px","top":"80","right":"0","bottom":"120","left":"0","isLinked":false},"padding_mobile":{"unit":"px","top":"60","right":"0","bottom":"90","left":"0","isLinked":false},"_title":"Divider Banner","animation":"none"},"elements":[{"id":"2c4b023f","settings":{"_column_size":33,"_inline_size":15,"margin":{"unit":"px","top":"0","right":"0","bottom":"0","left":"0","isLinked":false},"padding":{"unit":"px","top":"0","right":"0","bottom":"0","left":"0","isLinked":false}},"elements":[],"isInner":false,"elType":"column"},{"id":"398d5445","settings":{"_column_size":33,"_inline_size":69.332,"margin":{"unit":"px","top":"0","right":"0","bottom":"0","left":"0","isLinked":false},"padding":{"unit":"px","top":"0","right":"0","bottom":"0","left":"0","isLinked":false},"padding_mobile":{"unit":"px","top":"0","right":"20","bottom":"0","left":"20","isLinked":false}},"elements":[{"id":"7ec41969","settings":{"title":"REFER A FRIEND IN DISTRESS AND HE WILL GET","header_size":"h4","__globals__":{"title_color":"globals\/colors?id=d82685b"},"align":"center"},"elements":[],"isInner":false,"widgetType":"heading","elType":"widget"},{"id":"37375239","settings":{"space":{"unit":"px","size":30,"sizes":[]}},"elements":[],"isInner":false,"widgetType":"spacer","elType":"widget"},{"id":"5d1ab257","settings":{"title":"PRICE REDUCED BY 15%","align":"center","__globals__":{"title_color":"globals\/colors?id=d82685b"}},"elements":[],"isInner":false,"widgetType":"heading","elType":"widget"}],"isInner":false,"elType":"column"},{"id":"8eaff28","settings":{"_column_size":33,"_inline_size":15,"margin":{"unit":"px","top":"0","right":"0","bottom":"0","left":"0","isLinked":false},"padding":{"unit":"px","top":"0","right":"0","bottom":"0","left":"0","isLinked":false}},"elements":[],"isInner":false,"elType":"column"}],"isInner":false,"elType":"section"}],"settings":{"template":"elementor_header_footer","eael_ext_toc_title":"Table of Contents"},"metadata":[]}