{"content":[{"id":"71d19c14","settings":{"background_background":"classic","background_overlay_background":"classic","background_overlay_image":{"id":326,"url":"https:\/\/kitpapa.net\/towy\/wp-content\/uploads\/2023\/06\/car-mechanic-changing-oil-model-and-oil-motion-b-2022-07-12-05-28-21-utc.jpg","alt":"","source":"library","size":""},"background_overlay_position":"top center","background_overlay_repeat":"no-repeat","background_overlay_size":"cover","background_overlay_opacity":{"unit":"px","size":0.3,"sizes":[]},"margin":{"unit":"px","top":"0","right":0,"bottom":"0","left":0,"isLinked":false},"padding":{"unit":"px","top":"150","right":"0","bottom":"150","left":"0","isLinked":false},"__globals__":{"background_color":"globals\/colors?id=text"},"_title":"Page Banner","padding_tablet":{"unit":"px","top":"120","right":"0","bottom":"120","left":"0","isLinked":false},"padding_mobile":{"unit":"px","top":"90","right":"0","bottom":"90","left":"0","isLinked":false}},"elements":[{"id":"78dc0148","settings":{"_column_size":100,"_inline_size":null,"margin":{"unit":"px","top":"0","right":"0","bottom":"0","left":"0","isLinked":false},"padding":{"unit":"px","top":"0","right":"0","bottom":"0","left":"0","isLinked":false},"padding_tablet":{"unit":"px","top":"0","right":"0","bottom":"0","left":"20","isLinked":false},"padding_mobile":{"unit":"px","top":"0","right":"10","bottom":"0","left":"20","isLinked":false}},"elements":[{"id":"56030e47","settings":{"title":"Service Details","header_size":"h1","__globals__":{"title_color":"globals\/colors?id=primary"},"_animation":"fadeInLeft"},"elements":[],"isInner":false,"widgetType":"heading","elType":"widget"},{"id":"73f214a1","settings":[],"elements":[],"isInner":false,"widgetType":"spacer","elType":"widget"},{"id":"1169a5ef","settings":{"width":{"unit":"px","size":100,"sizes":[]},"text":"Divider","weight":{"unit":"px","size":5,"sizes":[]},"gap":{"unit":"px","size":0,"sizes":[]},"__globals__":{"color":"globals\/colors?id=31a16b8"},"_animation":"fadeInLeft","_animation_delay":300},"elements":[],"isInner":false,"widgetType":"divider","elType":"widget"}],"isInner":false,"elType":"column"}],"isInner":false,"elType":"section"},{"id":"fa238f8","settings":{"structure":"20","margin":{"unit":"px","top":"0","right":0,"bottom":"0","left":0,"isLinked":false},"padding":{"unit":"px","top":"0","right":"0","bottom":"0","left":"0","isLinked":false},"background_background":"classic","background_overlay_opacity":{"unit":"px","size":1,"sizes":[]},"_title":"Call Us","__globals__":{"background_overlay_color":"globals\/colors?id=secondary","background_color":"globals\/colors?id=secondary"}},"elements":[{"id":"74107e6f","settings":{"_column_size":50,"_inline_size":50,"margin":{"unit":"px","top":"0","right":"0","bottom":"0","left":"0","isLinked":false},"padding":{"unit":"px","top":"0","right":"0","bottom":"0","left":"0","isLinked":false},"_inline_size_tablet":35,"hide_mobile":"hidden-phone"},"elements":[],"isInner":false,"elType":"column"},{"id":"4a3e6a48","settings":{"_column_size":50,"_inline_size":50,"background_background":"classic","background_overlay_background":"classic","background_overlay_image":{"id":245,"url":"https:\/\/kitpapa.net\/towy\/wp-content\/uploads\/2023\/06\/2towy-wheel_2-1.png","alt":"","source":"library","size":""},"background_overlay_position":"top left","background_overlay_repeat":"no-repeat","background_overlay_size":"auto","background_overlay_opacity":{"unit":"px","size":0.15,"sizes":[]},"css_filters_css_filter":"custom","css_filters_saturate":{"unit":"px","size":0,"sizes":[]},"overlay_blend_mode":"multiply","border_radius":{"unit":"px","top":"10","right":"10","bottom":"10","left":"10","isLinked":true},"margin":{"unit":"px","top":"-80","right":"0","bottom":"0","left":"0","isLinked":false},"padding":{"unit":"px","top":"50","right":"40","bottom":"50","left":"40","isLinked":false},"__globals__":{"background_color":"globals\/colors?id=primary"},"_inline_size_tablet":65,"margin_tablet":{"unit":"px","top":"-60","right":"20","bottom":"0","left":"0","isLinked":false},"margin_mobile":{"unit":"px","top":"-50","right":"20","bottom":"0","left":"20","isLinked":false},"padding_mobile":{"unit":"px","top":"30","right":"20","bottom":"30","left":"20","isLinked":false},"animation":"fadeInRight","animation_delay":600},"elements":[{"id":"c40feb2","settings":{"title":"24\/7 emergency towing","header_size":"h4","__globals__":{"title_color":"globals\/colors?id=d82685b"}},"elements":[],"isInner":false,"widgetType":"heading","elType":"widget"},{"id":"13be84c2","settings":{"space":{"unit":"px","size":10,"sizes":[]}},"elements":[],"isInner":false,"widgetType":"spacer","elType":"widget"},{"id":"5bd35a44","settings":{"title":"+88 123 456 789","__globals__":{"title_color":"globals\/colors?id=d82685b"}},"elements":[],"isInner":false,"widgetType":"heading","elType":"widget"}],"isInner":false,"elType":"column"}],"isInner":false,"elType":"section"},{"id":"1b2b5a04","settings":{"margin":{"unit":"px","top":"0","right":0,"bottom":"0","left":0,"isLinked":false},"padding":{"unit":"px","top":"100","right":"0","bottom":"100","left":"0","isLinked":false},"structure":"20","background_background":"classic","__globals__":{"background_color":"globals\/colors?id=secondary"},"padding_tablet":{"unit":"px","top":"80","right":"0","bottom":"80","left":"0","isLinked":false},"padding_mobile":{"unit":"px","top":"60","right":"0","bottom":"60","left":"0","isLinked":false},"_title":"Text + Img"},"elements":[{"id":"656358ee","settings":{"_column_size":50,"_inline_size":60,"margin":{"unit":"px","top":"0","right":"0","bottom":"0","left":"0","isLinked":false},"padding":{"unit":"px","top":"0","right":"100","bottom":"0","left":"0","isLinked":false},"padding_tablet":{"unit":"px","top":"0","right":"40","bottom":"0","left":"20","isLinked":false},"padding_mobile":{"unit":"px","top":"0","right":"20","bottom":"30","left":"20","isLinked":false},"content_position":"center"},"elements":[{"id":"31a274fb","settings":{"title":"Accidents Towing","__globals__":{"title_color":"globals\/colors?id=d82685b"}},"elements":[],"isInner":false,"widgetType":"heading","elType":"widget"},{"id":"75523468","settings":{"space":{"unit":"px","size":30,"sizes":[]}},"elements":[],"isInner":false,"widgetType":"spacer","elType":"widget"},{"id":"5650a5ed","settings":{"width":{"unit":"px","size":60,"sizes":[]},"text":"Divider","weight":{"unit":"px","size":5,"sizes":[]},"gap":{"unit":"px","size":0,"sizes":[]},"__globals__":{"color":"globals\/colors?id=31a16b8"},"_animation":"fadeInLeft"},"elements":[],"isInner":false,"widgetType":"divider","elType":"widget"},{"id":"32534f1","settings":{"space":{"unit":"px","size":30,"sizes":[]}},"elements":[],"isInner":false,"widgetType":"spacer","elType":"widget"},{"id":"2252cd29","settings":{"title":"Roadside Assistance","header_size":"h4","__globals__":{"title_color":"globals\/colors?id=d82685b"}},"elements":[],"isInner":false,"widgetType":"heading","elType":"widget"},{"id":"22d7ec54","settings":{"space":{"unit":"px","size":10,"sizes":[]}},"elements":[],"isInner":false,"widgetType":"spacer","elType":"widget"},{"id":"3e6b5ac7","settings":{"editor":"<p>Pellentesque habitant morbi tristique senectus et netus et malesuada fames ac turpis egestas. Suspendisse feugiat ex nibh, cursus mollis nunc semper quis. Morbi maximus mi vitae nisl scelerisque mattis. Vivamus eu odio in sem tincidunt porta.<\/p><p>Nullam libero massa, volutpat vitae nisl ut, condimentum ullamcorper elit. Mauris quis nulla eu odio consequat dignissim. Maecenas quis eros urna.<\/p>","__globals__":{"text_color":"globals\/colors?id=d82685b","typography_typography":"globals\/typography?id=text"}},"elements":[],"isInner":false,"widgetType":"text-editor","elType":"widget"}],"isInner":false,"elType":"column"},{"id":"5afb66d8","settings":{"_column_size":50,"_inline_size":40,"margin":{"unit":"px","top":"0","right":"0","bottom":"0","left":"0","isLinked":false},"padding":{"unit":"px","top":"0","right":"0","bottom":"0","left":"0","isLinked":false},"content_position":"center","padding_tablet":{"unit":"px","top":"0","right":"20","bottom":"0","left":"0","isLinked":false},"padding_mobile":{"unit":"px","top":"0","right":"20","bottom":"0","left":"20","isLinked":false},"content_position_tablet":"top"},"elements":[{"id":"1444f061","settings":{"image":{"id":321,"url":"https:\/\/kitpapa.net\/towy\/wp-content\/uploads\/2023\/06\/cable-attached-to-broken-down-car-being-pulled-ont-2021-08-31-11-00-36-utc.jpg","alt":"","source":"library","size":""},"image_size":"custom","image_custom_dimension":{"width":"400","height":"300"},"align":"right","css_filters_css_filter":"custom","css_filters_saturate":{"unit":"px","size":75,"sizes":[]},"_animation":"fadeInRight","_animation_delay":300},"elements":[],"isInner":false,"widgetType":"image","elType":"widget"}],"isInner":false,"elType":"column"}],"isInner":false,"elType":"section"},{"id":"1b9c83a6","settings":{"margin":{"unit":"px","top":"0","right":0,"bottom":"0","left":0,"isLinked":false},"padding":{"unit":"px","top":"100","right":"0","bottom":"160","left":"0","isLinked":false},"background_background":"classic","padding_tablet":{"unit":"px","top":"80","right":"0","bottom":"120","left":"0","isLinked":false},"padding_mobile":{"unit":"px","top":"60","right":"0","bottom":"90","left":"0","isLinked":false},"__globals__":{"background_color":"globals\/colors?id=text"},"_title":"Features"},"elements":[{"id":"23c9a254","settings":{"_column_size":100,"_inline_size":null,"margin":{"unit":"px","top":"0","right":"0","bottom":"0","left":"0","isLinked":false},"padding":{"unit":"px","top":"0","right":"0","bottom":"0","left":"0","isLinked":false},"padding_tablet":{"unit":"px","top":"0","right":"20","bottom":"0","left":"20","isLinked":false}},"elements":[{"id":"3f10ccd1","settings":{"title":"Towing for you","header_size":"h4","__globals__":{"title_color":"globals\/colors?id=d82685b"},"align":"center"},"elements":[],"isInner":false,"widgetType":"heading","elType":"widget"},{"id":"ae1cfd0","settings":{"space":{"unit":"px","size":30,"sizes":[]}},"elements":[],"isInner":false,"widgetType":"spacer","elType":"widget"},{"id":"3a79db6e","settings":{"title":"Feature Items","align":"center","__globals__":{"title_color":"globals\/colors?id=d82685b"}},"elements":[],"isInner":false,"widgetType":"heading","elType":"widget"},{"id":"7dc1655e","settings":[],"elements":[],"isInner":false,"widgetType":"spacer","elType":"widget"},{"id":"3df20bba","settings":{"structure":"30","margin":{"unit":"px","top":"0","right":0,"bottom":"0","left":0,"isLinked":false},"padding":{"unit":"px","top":"0","right":"0","bottom":"0","left":"0","isLinked":false}},"elements":[{"id":"3957c91f","settings":{"_column_size":33,"_inline_size":null,"border_border":"solid","border_width":{"unit":"px","top":"1","right":"1","bottom":"1","left":"1","isLinked":false},"border_radius":{"unit":"px","top":"10","right":"10","bottom":"10","left":"10","isLinked":true},"margin":{"unit":"px","top":"0","right":"10","bottom":"0","left":"0","isLinked":false},"margin_mobile":{"unit":"px","top":"0","right":"0","bottom":"20","left":"0","isLinked":false},"padding":{"unit":"px","top":"50","right":"50","bottom":"50","left":"50","isLinked":false},"padding_tablet":{"unit":"px","top":"40","right":"20","bottom":"40","left":"20","isLinked":false},"__globals__":{"border_color":"globals\/colors?id=31b7c84"},"animation":"fadeInLeft","animation_delay":600},"elements":[{"id":"72170a10","settings":{"selected_icon":{"value":"fas fa-road","library":"fa-solid"},"size":{"unit":"px","size":36,"sizes":[]},"__globals__":{"primary_color":"globals\/colors?id=d82685b"}},"elements":[],"isInner":false,"widgetType":"icon","elType":"widget"},{"id":"436bee79","settings":{"space":{"unit":"px","size":30,"sizes":[]}},"elements":[],"isInner":false,"widgetType":"spacer","elType":"widget"},{"id":"4e03b15c","settings":{"title":"Distance","header_size":"h4","__globals__":{"title_color":"globals\/colors?id=primary"},"align":"center"},"elements":[],"isInner":false,"widgetType":"heading","elType":"widget"},{"id":"54a8658f","settings":{"text":"Divider","gap":{"unit":"px","size":20,"sizes":[]},"__globals__":{"color":"globals\/colors?id=31b7c84"}},"elements":[],"isInner":false,"widgetType":"divider","elType":"widget"},{"id":"f2bde79","settings":{"editor":"<p>Quisque eleifend sed felis commodo mollis. Aliquam feugiat feugiat dui vel euismod.<\/p>","__globals__":{"text_color":"globals\/colors?id=d82685b","typography_typography":"globals\/typography?id=text"},"align":"center"},"elements":[],"isInner":false,"widgetType":"text-editor","elType":"widget"}],"isInner":true,"elType":"column"},{"id":"2ee12297","settings":{"_column_size":33,"_inline_size":null,"border_border":"solid","border_width":{"unit":"px","top":"1","right":"1","bottom":"1","left":"1","isLinked":false},"border_radius":{"unit":"px","top":"10","right":"10","bottom":"10","left":"10","isLinked":true},"margin":{"unit":"px","top":"0","right":"10","bottom":"0","left":"10","isLinked":false},"margin_mobile":{"unit":"px","top":"0","right":"0","bottom":"20","left":"0","isLinked":false},"padding":{"unit":"px","top":"50","right":"50","bottom":"50","left":"50","isLinked":false},"padding_tablet":{"unit":"px","top":"40","right":"20","bottom":"40","left":"20","isLinked":false},"__globals__":{"border_color":"globals\/colors?id=31b7c84"},"animation":"fadeIn","animation_delay":300},"elements":[{"id":"30becf41","settings":{"selected_icon":{"value":"fas fa-car","library":"fa-solid"},"size":{"unit":"px","size":36,"sizes":[]},"__globals__":{"primary_color":"globals\/colors?id=d82685b"}},"elements":[],"isInner":false,"widgetType":"icon","elType":"widget"},{"id":"9486938","settings":{"space":{"unit":"px","size":30,"sizes":[]}},"elements":[],"isInner":false,"widgetType":"spacer","elType":"widget"},{"id":"400fab1d","settings":{"title":"Size of Vehicle","header_size":"h4","__globals__":{"title_color":"globals\/colors?id=primary"},"align":"center"},"elements":[],"isInner":false,"widgetType":"heading","elType":"widget"},{"id":"24037efd","settings":{"text":"Divider","gap":{"unit":"px","size":20,"sizes":[]},"__globals__":{"color":"globals\/colors?id=31b7c84"}},"elements":[],"isInner":false,"widgetType":"divider","elType":"widget"},{"id":"12cf9c51","settings":{"editor":"<p>Suspendisse hendrerit orci a molestie luctus. Donec cursus, turpis sed congue consectetur.<\/p>","__globals__":{"text_color":"globals\/colors?id=d82685b","typography_typography":"globals\/typography?id=text"},"align":"center"},"elements":[],"isInner":false,"widgetType":"text-editor","elType":"widget"}],"isInner":true,"elType":"column"},{"id":"313ecb0e","settings":{"_column_size":33,"_inline_size":null,"border_border":"solid","border_width":{"unit":"px","top":"1","right":"1","bottom":"1","left":"1","isLinked":false},"border_radius":{"unit":"px","top":"10","right":"10","bottom":"10","left":"10","isLinked":true},"margin":{"unit":"px","top":"0","right":"0","bottom":"0","left":"10","isLinked":false},"margin_mobile":{"unit":"px","top":"0","right":"0","bottom":"0","left":"0","isLinked":false},"padding":{"unit":"px","top":"50","right":"50","bottom":"50","left":"50","isLinked":false},"padding_tablet":{"unit":"px","top":"40","right":"20","bottom":"40","left":"20","isLinked":false},"__globals__":{"border_color":"globals\/colors?id=31b7c84"},"animation":"fadeInRight","animation_delay":900},"elements":[{"id":"3807d45c","settings":{"selected_icon":{"value":"fas fa-clock","library":"fa-solid"},"size":{"unit":"px","size":36,"sizes":[]},"__globals__":{"primary_color":"globals\/colors?id=d82685b"}},"elements":[],"isInner":false,"widgetType":"icon","elType":"widget"},{"id":"43f72e6","settings":{"space":{"unit":"px","size":30,"sizes":[]}},"elements":[],"isInner":false,"widgetType":"spacer","elType":"widget"},{"id":"6e53057a","settings":{"title":"Time of Day","header_size":"h4","__globals__":{"title_color":"globals\/colors?id=primary"},"align":"center"},"elements":[],"isInner":false,"widgetType":"heading","elType":"widget"},{"id":"6dab2bd7","settings":{"text":"Divider","gap":{"unit":"px","size":20,"sizes":[]},"__globals__":{"color":"globals\/colors?id=31b7c84"}},"elements":[],"isInner":false,"widgetType":"divider","elType":"widget"},{"id":"3a5d1688","settings":{"editor":"<p>Maecenas nec risus vitae libero vehicula ultrices vitae a dui. Vivamus aliquam pellentesque sem.<\/p>","__globals__":{"text_color":"globals\/colors?id=d82685b","typography_typography":"globals\/typography?id=text"},"align":"center"},"elements":[],"isInner":false,"widgetType":"text-editor","elType":"widget"}],"isInner":true,"elType":"column"}],"isInner":true,"elType":"section"}],"isInner":false,"elType":"column"}],"isInner":false,"elType":"section"}],"settings":{"template":"elementor_header_footer","eael_ext_toc_title":"Table of Contents"},"metadata":[]}