{"content":[{"id":"b1e266","settings":{"margin":{"unit":"px","top":"0","right":0,"bottom":"0","left":0,"isLinked":false},"padding":{"unit":"px","top":"0","right":"0","bottom":"0","left":"0","isLinked":false},"_title":"Contact Form"},"elements":[{"id":"1d95c69d","settings":{"_column_size":100,"_inline_size":null,"margin":{"unit":"px","top":"0","right":"0","bottom":"0","left":"0","isLinked":false},"padding":{"unit":"px","top":"0","right":"0","bottom":"0","left":"0","isLinked":false}},"elements":[{"id":"2d672a93","settings":{"mf_input_label_status":"","mf_input_label":"Text","mf_input_name":"mf-text","mf_input_placeholder":"Name","mf_input_validation_warning_message":"This field is required.","mf_input_background_focus_background":"classic","__globals__":{"mf_input_placeholder_color":"","mf_input_color":"globals\/colors?id=text","mf_input_color_hover":"globals\/colors?id=text","mf_input_color_focus":"globals\/colors?id=text","mf_input_background_focus_color":"globals\/colors?id=d82685b","mf_input_background_color":"globals\/colors?id=31a16b8"},"mf_input_background_background":"classic"},"elements":[],"isInner":false,"widgetType":"mf-text","elType":"widget"},{"id":"386078e5","settings":{"space":{"unit":"px","size":10,"sizes":[]}},"elements":[],"isInner":false,"widgetType":"spacer","elType":"widget"},{"id":"72098186","settings":{"mf_input_label_status":"","mf_input_label":"Email","mf_input_name":"mf-email","mf_input_placeholder":"Email","mf_input_validation_warning_message":"This field is required.","mf_input_background_focus_background":"classic","__globals__":{"mf_input_color":"globals\/colors?id=text","mf_input_color_hover":"globals\/colors?id=text","mf_input_color_focus":"globals\/colors?id=text","mf_input_background_focus_color":"globals\/colors?id=d82685b","mf_input_placeholder_color":"","mf_input_background_color":"globals\/colors?id=31a16b8"},"mf_input_background_background":"classic"},"elements":[],"isInner":false,"widgetType":"mf-email","elType":"widget"},{"id":"5516f4ad","settings":{"space":{"unit":"px","size":10,"sizes":[]}},"elements":[],"isInner":false,"widgetType":"spacer","elType":"widget"},{"id":"1c458981","settings":{"mf_input_label_status":"","mf_input_label":"Number","mf_input_name":"mf-number","mf_input_placeholder":"Phone","mf_input_validation_warning_message":"This field is required.","mf_input_background_background":"classic","mf_input_background_focus_background":"classic","__globals__":{"mf_input_color":"globals\/colors?id=text","mf_input_color_hover":"globals\/colors?id=text","mf_input_color_focus":"globals\/colors?id=text","mf_input_background_focus_color":"globals\/colors?id=d82685b","mf_input_placeholder_color":"","mf_input_background_color":"globals\/colors?id=31a16b8"}},"elements":[],"isInner":false,"widgetType":"mf-number","elType":"widget"},{"id":"7b8becd3","settings":{"space":{"unit":"px","size":10,"sizes":[]}},"elements":[],"isInner":false,"widgetType":"spacer","elType":"widget"},{"id":"6410a1ab","settings":{"mf_input_label_status":"","mf_input_label":"Textarea","mf_input_name":"mf-textarea","mf_input_placeholder":"Message","mf_input_validation_warning_message":"This field is required.","mf_input_background_background":"classic","mf_input_background_focus_background":"classic","__globals__":{"mf_input_color":"globals\/colors?id=text","mf_input_color_hover":"globals\/colors?id=text","mf_input_color_focus":"globals\/colors?id=text","mf_input_background_focus_color":"globals\/colors?id=d82685b","mf_input_placeholder_color":"","mf_input_background_color":"globals\/colors?id=31a16b8","mf_input_border_color":"globals\/colors?id=secondary","mf_input_border_focus_color":"globals\/colors?id=accent"},"mf_input_border_border":"solid","mf_input_border_width":{"unit":"px","top":"0","right":"0","bottom":"1","left":"0","isLinked":false},"mf_input_border_focus_border":"solid","mf_input_border_focus_width":{"unit":"px","top":"0","right":"0","bottom":"1","left":"0","isLinked":false}},"elements":[],"isInner":false,"widgetType":"mf-textarea","elType":"widget"},{"id":"2eb7d7fb","settings":{"space":{"unit":"px","size":30,"sizes":[]}},"elements":[],"isInner":false,"widgetType":"spacer","elType":"widget"},{"id":"28d53385","settings":{"mf_btn_text":"Send Message","mf_hidden_input":[],"mf_btn_text_padding":{"unit":"px","top":"20","right":"40","bottom":"20","left":"40","isLinked":false},"mf_btn_bg_color_background":"classic","mf_btn_bg_hover_color_background":"classic","mf_btn_border_radius":{"unit":"px","top":"0","right":"0","bottom":"0","left":"0","isLinked":true},"mf_btn_box_shadow_group_box_shadow_type":"yes","mf_btn_box_shadow_group_box_shadow":{"horizontal":0,"vertical":0,"blur":0,"spread":0,"color":"rgba(0,0,0,0.5)"},"__globals__":{"mf_btn_typography_typography":"globals\/typography?id=secondary","mf_btn_bg_color_color":"globals\/colors?id=primary","mf_btn_bg_hover_color_color":"globals\/colors?id=accent","mf_btn_text_color":"globals\/colors?id=d82685b","mf_btn_hover_color":"globals\/colors?id=d82685b"}},"elements":[],"isInner":false,"widgetType":"mf-button","elType":"widget"}],"isInner":false,"elType":"column"}],"isInner":false,"elType":"section"}],"page_settings":{"eael_ext_toc_title":"Table of Contents"},"version":"0.4","title":"Contact Form","type":"page"}