{"content":[{"id":"42ac6531","settings":{"structure":"20","margin":{"unit":"px","top":"0","right":0,"bottom":"0","left":0,"isLinked":false},"padding":{"unit":"px","top":"0","right":"0","bottom":"100","left":"0","isLinked":false},"background_background":"classic","background_overlay_opacity":{"unit":"px","size":1,"sizes":[]},"_title":"Subscribe","__globals__":{"background_overlay_color":"globals\/colors?id=secondary","background_color":"globals\/colors?id=secondary"},"padding_tablet":{"unit":"px","top":"0","right":"0","bottom":"80","left":"0","isLinked":false},"padding_mobile":{"unit":"px","top":"0","right":"0","bottom":"60","left":"0","isLinked":false}},"elements":[{"id":"70d6bdf2","settings":{"_column_size":50,"_inline_size":50,"background_background":"classic","background_overlay_background":"classic","background_overlay_image":{"id":"46","url":"https:\/\/kitpapa.net\/towy\/wp-content\/uploads\/2023\/06\/tyre_whiite_1.png"},"background_overlay_position":"top left","background_overlay_repeat":"no-repeat","background_overlay_size":"auto","background_overlay_opacity":{"unit":"px","size":0.6,"sizes":[]},"css_filters_css_filter":"custom","css_filters_saturate":{"unit":"px","size":0,"sizes":[]},"border_radius":{"unit":"px","top":"10","right":"10","bottom":"10","left":"10","isLinked":true},"margin":{"unit":"px","top":"-80","right":"0","bottom":"0","left":"0","isLinked":false},"padding":{"unit":"px","top":"100","right":"40","bottom":"50","left":"40","isLinked":false},"__globals__":{"background_color":"globals\/colors?id=31a16b8"},"_inline_size_tablet":60,"margin_tablet":{"unit":"px","top":"-60","right":"0","bottom":"0","left":"20","isLinked":false},"margin_mobile":{"unit":"px","top":"-40","right":"20","bottom":"0","left":"20","isLinked":false},"padding_tablet":{"unit":"px","top":"80","right":"30","bottom":"40","left":"30","isLinked":false},"padding_mobile":{"unit":"px","top":"60","right":"20","bottom":"30","left":"20","isLinked":false},"animation":"fadeInLeft"},"elements":[{"id":"1a7dfd5b","settings":{"title":"Get discount updates","header_size":"h3","align":"center","__globals__":{"title_color":"globals\/colors?id=primary"}},"elements":[],"isInner":false,"widgetType":"heading","elType":"widget"},{"id":"30b91742","settings":{"space":{"unit":"px","size":30,"sizes":[]}},"elements":[],"isInner":false,"widgetType":"spacer","elType":"widget"},{"id":"48ae058b","settings":{"mf_form_id":"138***1686637363114"},"elements":[],"isInner":false,"widgetType":"metform","elType":"widget"},{"id":"6292c1c9","settings":{"space":{"unit":"px","size":10,"sizes":[]}},"elements":[],"isInner":false,"widgetType":"spacer","elType":"widget"}],"isInner":false,"elType":"column"},{"id":"3607ea31","settings":{"_column_size":50,"_inline_size":50,"margin":{"unit":"px","top":"0","right":"0","bottom":"0","left":"0","isLinked":false},"padding":{"unit":"px","top":"0","right":"0","bottom":"0","left":"100","isLinked":false},"content_position":"center","_inline_size_tablet":40,"padding_tablet":{"unit":"px","top":"0","right":"40","bottom":"0","left":"30","isLinked":false},"padding_mobile":{"unit":"px","top":"50","right":"20","bottom":"0","left":"20","isLinked":false}},"elements":[{"id":"d9e2bde","settings":{"width":{"unit":"px","size":60,"sizes":[]},"text":"Divider","weight":{"unit":"px","size":5,"sizes":[]},"gap":{"unit":"px","size":0,"sizes":[]},"__globals__":{"color":"globals\/colors?id=31a16b8"},"_animation":"fadeInRight","_animation_delay":300},"elements":[],"isInner":false,"widgetType":"divider","elType":"widget"},{"id":"5a2dbda8","settings":{"space":{"unit":"px","size":30,"sizes":[]}},"elements":[],"isInner":false,"widgetType":"spacer","elType":"widget"},{"id":"4c47a094","settings":{"icon_list":[{"text":"contact@domain.com","selected_icon":{"value":"far fa-envelope","library":"fa-regular"},"_id":"9596d2c"},{"text":"4116 Creciente Dr, Santa Barbara, California 93110, USA","selected_icon":{"value":"fas fa-map-marker-alt","library":"fa-solid"},"_id":"350b183"},{"text":"123 456 7890","selected_icon":{"value":"fas fa-phone","library":"fa-solid"},"_id":"2749810"}],"space_between":{"unit":"px","size":10,"sizes":[]},"icon_size":{"unit":"px","size":16,"sizes":[]},"text_indent":{"unit":"px","size":10,"sizes":[]},"__globals__":{"icon_color":"globals\/colors?id=31a16b8","text_color":"globals\/colors?id=31a16b8","icon_typography_typography":"globals\/typography?id=text"}},"elements":[],"isInner":false,"widgetType":"icon-list","elType":"widget"}],"isInner":false,"elType":"column"}],"isInner":false,"elType":"section"},{"id":"2a42b65f","settings":{"structure":"20","background_background":"classic","margin":{"unit":"px","top":"0","right":0,"bottom":"0","left":0,"isLinked":false},"padding":{"unit":"px","top":"20","right":"0","bottom":"20","left":"0","isLinked":false},"__globals__":{"background_color":"globals\/colors?id=text"},"_title":"Footer"},"elements":[{"id":"228f13b3","settings":{"_column_size":50,"_inline_size":null,"_inline_size_tablet":70,"content_position":"center","margin":{"unit":"px","top":"0","right":"0","bottom":"0","left":"0","isLinked":false},"padding":{"unit":"px","top":"0","right":"0","bottom":"0","left":"0","isLinked":false},"padding_tablet":{"unit":"px","top":"0","right":"0","bottom":"0","left":"20","isLinked":false},"padding_mobile":{"unit":"px","top":"0","right":"20","bottom":"0","left":"20","isLinked":false}},"elements":[{"id":"28d22cbd","settings":{"title":"Copyright \u00a9 2023 Towy Elementor Template Kit By kitpapa.com","header_size":"span","align_mobile":"center","__globals__":{"title_color":"globals\/colors?id=31a16b8","typography_typography":"globals\/typography?id=secondary"}},"elements":[],"isInner":false,"widgetType":"heading","elType":"widget"}],"isInner":false,"elType":"column"},{"id":"2272b53b","settings":{"_column_size":50,"_inline_size":null,"_inline_size_tablet":30,"content_position":"center","margin":{"unit":"px","top":"0","right":"0","bottom":"0","left":"0","isLinked":false},"padding":{"unit":"px","top":"0","right":"0","bottom":"0","left":"0","isLinked":false},"padding_tablet":{"unit":"px","top":"0","right":"20","bottom":"0","left":"0","isLinked":false},"padding_mobile":{"unit":"px","top":"10","right":"0","bottom":"0","left":"0","isLinked":false}},"elements":[{"id":"1f0e9c47","settings":{"selected_icon":{"value":"fas fa-arrow-circle-up","library":"fa-solid"},"link":{"url":"#top","is_external":"","nofollow":"","custom_attributes":""},"align":"right","align_mobile":"center","size":{"unit":"px","size":20,"sizes":[]},"_margin":{"unit":"px","top":"0","right":"0","bottom":"0","left":"0","isLinked":false},"_padding":{"unit":"px","top":"5","right":"0","bottom":"0","left":"0","isLinked":false},"__globals__":{"primary_color":"globals\/colors?id=primary","hover_primary_color":"globals\/colors?id=accent"}},"elements":[],"isInner":false,"widgetType":"icon","elType":"widget"}],"isInner":false,"elType":"column"}],"isInner":false,"elType":"section"}],"page_settings":{"eael_ext_toc_title":"Table of Contents"},"version":"0.4","title":"Footer","type":"page"}