{"content":[{"id":"2b24c5eb","settings":{"structure":"30","margin":{"unit":"px","top":"0","right":0,"bottom":"0","left":0,"isLinked":false},"padding":{"unit":"px","top":"0","right":"0","bottom":"0","left":"0","isLinked":false},"custom_height":{"unit":"px","size":"","sizes":[]},"background_overlay_background":"classic","background_overlay_opacity":{"unit":"px","size":1,"sizes":[]},"z_index":9,"__globals__":{"background_overlay_color":"globals\/colors?id=text"},"_title":"Header"},"elements":[{"id":"57b44bb9","settings":{"_column_size":33,"_inline_size":35,"margin":{"unit":"px","top":"0","right":"0","bottom":"0","left":"0","isLinked":false},"padding":{"unit":"px","top":"23","right":"0","bottom":"17","left":"0","isLinked":false},"_inline_size_tablet":40,"_inline_size_mobile":40,"padding_tablet":{"unit":"px","top":"20","right":"50","bottom":"20","left":"20","isLinked":false},"padding_mobile":{"unit":"px","top":"20","right":"10","bottom":"20","left":"20","isLinked":false}},"elements":[{"id":"4759dda8","settings":{"image":{"id":228,"url":"https:\/\/kitpapa.net\/towy\/wp-content\/uploads\/2023\/06\/Logo2.png","alt":"","source":"library","size":""},"image_size":"custom","align":"left","align_mobile":"center","link_to":"custom","link":{"url":"#","is_external":"","nofollow":"","custom_attributes":""},"width":{"unit":"px","size":125,"sizes":[]},"width_tablet":{"unit":"px","size":"","sizes":[]},"width_mobile":{"unit":"px","size":"","sizes":[]}},"elements":[],"isInner":false,"widgetType":"image","elType":"widget"}],"isInner":false,"elType":"column"},{"id":"505ab29d","settings":{"_column_size":33,"_inline_size":44.332,"margin":{"unit":"px","top":"0","right":"0","bottom":"0","left":"0","isLinked":false},"padding":{"unit":"px","top":"0","right":"0","bottom":"0","left":"0","isLinked":false},"content_position":"center","_inline_size_tablet":60,"padding_tablet":{"unit":"px","top":"0","right":"20","bottom":"0","left":"20","isLinked":false},"hide_mobile":"hidden-phone"},"elements":[{"id":"6f8353bb","settings":{"structure":"20","margin":{"unit":"px","top":"0","right":0,"bottom":"0","left":0,"isLinked":false},"padding":{"unit":"px","top":"0","right":"0","bottom":"0","left":"0","isLinked":false}},"elements":[{"id":"3feee78a","settings":{"_column_size":50,"_inline_size":null,"margin":{"unit":"px","top":"0","right":"0","bottom":"0","left":"0","isLinked":false},"padding":{"unit":"px","top":"0","right":"0","bottom":"0","left":"0","isLinked":false}},"elements":[{"id":"66bd18ea","settings":{"selected_icon":{"value":"fas fa-info","library":"fa-solid"},"title_text":"OPEN TIME","description_text":"Mon-Sun | 24 Hours","position":"left","title_size":"h6","icon_size":{"unit":"px","size":22,"sizes":[]},"content_vertical_alignment":"bottom","title_bottom_space":{"unit":"px","size":-3,"sizes":[]},"view":"stacked","__globals__":{"primary_color":"globals\/colors?id=d82685b","title_color":"globals\/colors?id=d82685b","description_color":"globals\/colors?id=d82685b","title_typography_typography":"globals\/typography?id=primary","description_typography_typography":"globals\/typography?id=accent","secondary_color":"globals\/colors?id=text"},"icon_space_tablet":{"unit":"px","size":10,"sizes":[]},"icon_size_tablet":{"unit":"px","size":20,"sizes":[]}},"elements":[],"isInner":false,"widgetType":"icon-box","elType":"widget"}],"isInner":true,"elType":"column"},{"id":"53b82c0d","settings":{"_column_size":50,"_inline_size":null,"margin":{"unit":"px","top":"0","right":"0","bottom":"0","left":"0","isLinked":false},"padding":{"unit":"px","top":"0","right":"0","bottom":"0","left":"0","isLinked":false}},"elements":[{"id":"7a9719cb","settings":{"selected_icon":{"value":"fas fa-phone","library":"fa-solid"},"title_text":"Emergency Call","description_text":"123 456 7890","position":"left","title_size":"h6","icon_size":{"unit":"px","size":22,"sizes":[]},"content_vertical_alignment":"bottom","title_bottom_space":{"unit":"px","size":-3,"sizes":[]},"view":"stacked","__globals__":{"primary_color":"globals\/colors?id=d82685b","title_color":"globals\/colors?id=d82685b","description_color":"globals\/colors?id=d82685b","title_typography_typography":"globals\/typography?id=primary","description_typography_typography":"globals\/typography?id=accent","secondary_color":"globals\/colors?id=secondary"},"icon_space_tablet":{"unit":"px","size":10,"sizes":[]},"icon_size_tablet":{"unit":"px","size":20,"sizes":[]}},"elements":[],"isInner":false,"widgetType":"icon-box","elType":"widget"}],"isInner":true,"elType":"column"}],"isInner":true,"elType":"section"}],"isInner":false,"elType":"column"},{"id":"4d6a31b9","settings":{"_column_size":33,"_inline_size":20,"content_position":"center","background_background":"classic","background_hover_background":"classic","margin":{"unit":"px","top":"0","right":"0","bottom":"0","left":"0","isLinked":false},"padding":{"unit":"px","top":"0","right":"0","bottom":"0","left":"0","isLinked":false},"__globals__":{"background_color":"globals\/colors?id=primary","background_hover_color":"globals\/colors?id=accent"},"_inline_size_tablet":100,"_inline_size_mobile":60,"padding_tablet":{"unit":"px","top":"20","right":"0","bottom":"20","left":"0","isLinked":false}},"elements":[{"id":"3b59190f","settings":{"title":"Get free estimates","link":{"url":"#","is_external":"","nofollow":"","custom_attributes":""},"header_size":"h6","align":"center","__globals__":{"title_color":"globals\/colors?id=d82685b","typography_typography":"globals\/typography?id=primary"}},"elements":[],"isInner":false,"widgetType":"heading","elType":"widget"}],"isInner":false,"elType":"column"}],"isInner":false,"elType":"section"},{"id":"b691ce0","settings":{"margin":{"unit":"px","top":"0","right":0,"bottom":"0","left":0,"isLinked":false},"padding":{"unit":"px","top":"0","right":"0","bottom":"0","left":"0","isLinked":false},"__globals__":{"background_color":"globals\/colors?id=text","background_overlay_color":"globals\/colors?id=secondary"},"height":"min-height","custom_height":{"unit":"px","size":50,"sizes":[]},"background_overlay_background":"classic","background_overlay_opacity":{"unit":"px","size":1,"sizes":[]},"z_index":9,"_title":"Navi Bar"},"elements":[{"id":"7c2ed7f4","settings":{"_column_size":100,"_inline_size":null,"margin":{"unit":"px","top":"0","right":"0","bottom":"0","left":"0","isLinked":false},"padding":{"unit":"px","top":"0","right":"0","bottom":"0","left":"0","isLinked":false}},"elements":[{"id":"2992980a","settings":{"menu":"preview-menu","dropdown_icon":{"value":"fas fa-bars","library":"fa-solid"},"dropdown_close_icon":{"value":"fas fa-times","library":"fa-solid"},"__globals__":{"menu_typography_typography":"globals\/typography?id=secondary","color_menu_item":"globals\/colors?id=primary","color_menu_item_hover":"globals\/colors?id=accent","color_menu_item_active":"globals\/colors?id=d82685b","divider_border_color":"globals\/colors?id=31a16b8","color_dropdown_item":"globals\/colors?id=primary","color_dropdown_item_hover":"globals\/colors?id=accent","dropdown_typography_typography":"globals\/typography?id=text","toggle_color":"globals\/colors?id=primary","toggle_hover_color":"globals\/colors?id=accent"},"submenu_icon":"classic","dropdown_divider_border":"none","padding_horizontal_dropdown_item_tablet":{"unit":"px","size":30,"sizes":[]}},"elements":[],"isInner":false,"widgetType":"navigation-menu","elType":"widget"}],"isInner":false,"elType":"column"}],"isInner":false,"elType":"section"}],"page_settings":{"eael_ext_toc_title":"Table of Contents"},"version":"0.4","title":"Header","type":"page"}