{"content":[],"settings":{"template":"default","system_colors":[{"_id":"primary","title":"Orange","color":"#ED4E09"},{"_id":"secondary","title":"Dark","color":"#2B2424"},{"_id":"text","title":"Black","color":"#0D0D0D"},{"_id":"accent","title":"Yellow","color":"#F2991F"}],"custom_colors":[{"_id":"31b7c84","title":"Deep Gray","color":"#473C3B"},{"_id":"31a16b8","title":"Light Gray","color":"#E9E9E9"},{"_id":"d82685b","title":"White","color":"#FFFFFF"}],"system_typography":[{"_id":"primary","title":"Bold","typography_typography":"custom","typography_font_family":"Prompt","typography_font_weight":"700"},{"_id":"secondary","title":"Medium","typography_typography":"custom","typography_font_family":"Prompt","typography_font_weight":"500"},{"_id":"text","title":"Text","typography_typography":"custom","typography_font_family":"Noto Sans","typography_font_weight":"400"},{"_id":"accent","title":"Accent","typography_typography":"custom","typography_font_family":"Prompt","typography_font_weight":"400"}],"custom_typography":[{"_id":"13b64aa","title":"Countdown Num","typography_typography":"custom","typography_font_family":"Prompt","typography_font_size_mobile":{"unit":"px","size":32,"sizes":[]},"typography_font_weight":"700","typography_font_size":{"unit":"px","size":60,"sizes":[]},"typography_font_size_tablet":{"unit":"px","size":50,"sizes":[]},"typography_line_height":{"unit":"em","size":1,"sizes":[]}},{"_id":"5a8615b","title":"Countdown","typography_typography":"custom","typography_font_family":"Prompt","typography_font_size_mobile":{"unit":"px","size":11,"sizes":[]},"typography_font_weight":"500","typography_font_size":{"unit":"px","size":18,"sizes":[]},"typography_font_size_tablet":{"unit":"px","size":16,"sizes":[]},"typography_line_height":{"unit":"em","size":1,"sizes":[]}}],"default_generic_fonts":"Sans-serif","space_between_widgets":{"unit":"px","size":0,"sizes":[]},"page_title_selector":"h1.entry-title","default_page_template":"elementor_canvas","viewport_md":768,"viewport_lg":1025,"activeItemIndex":1,"body_color":"#0D0D0D","body_typography_typography":"custom","body_typography_font_family":"Noto Sans","body_typography_font_size":{"unit":"px","size":14,"sizes":[]},"body_typography_font_size_tablet":{"unit":"px","size":14,"sizes":[]},"body_typography_font_size_mobile":{"unit":"px","size":14,"sizes":[]},"body_typography_font_weight":"400","body_typography_line_height":{"unit":"em","size":1.5,"sizes":[]},"link_normal_color":"#ED4E09","link_normal_typography_font_family":"Noto Sans","link_normal_typography_font_weight":"400","link_hover_color":"#F2991F","h1_typography_typography":"custom","h1_typography_font_family":"Prompt","h1_typography_font_size":{"unit":"px","size":70,"sizes":[]},"h1_typography_font_size_tablet":{"unit":"px","size":56,"sizes":[]},"h1_typography_font_size_mobile":{"unit":"px","size":42,"sizes":[]},"h1_typography_font_weight":"700","h1_typography_text_transform":"uppercase","h1_typography_line_height":{"unit":"em","size":1.1,"sizes":[]},"h2_typography_typography":"custom","h2_typography_font_family":"Prompt","h2_typography_font_size":{"unit":"px","size":50,"sizes":[]},"h2_typography_font_size_tablet":{"unit":"px","size":40,"sizes":[]},"h2_typography_font_size_mobile":{"unit":"px","size":30,"sizes":[]},"h2_typography_font_weight":"700","h2_typography_text_transform":"uppercase","h2_typography_letter_spacing":{"unit":"px","size":1.1,"sizes":[]},"h3_typography_typography":"custom","h3_typography_font_family":"Prompt","h3_typography_font_size":{"unit":"px","size":40,"sizes":[]},"h3_typography_font_size_tablet":{"unit":"px","size":32,"sizes":[]},"h3_typography_font_size_mobile":{"unit":"px","size":24,"sizes":[]},"h3_typography_font_weight":"700","h3_typography_text_transform":"uppercase","h3_typography_line_height":{"unit":"em","size":1.1,"sizes":[]},"h4_typography_typography":"custom","h4_typography_font_family":"Prompt","h4_typography_font_size":{"unit":"px","size":21,"sizes":[]},"h4_typography_font_size_tablet":{"unit":"px","size":18,"sizes":[]},"h4_typography_font_size_mobile":{"unit":"px","size":16,"sizes":[]},"h4_typography_font_weight":"700","h4_typography_text_transform":"uppercase","h4_typography_line_height":{"unit":"em","size":1.2,"sizes":[]},"h5_typography_typography":"custom","h5_typography_font_family":"Prompt","h5_typography_font_size":{"unit":"px","size":20,"sizes":[]},"h5_typography_font_size_tablet":{"unit":"px","size":16,"sizes":[]},"h5_typography_font_size_mobile":{"unit":"px","size":14,"sizes":[]},"h5_typography_font_weight":"500","h5_typography_text_transform":"uppercase","h5_typography_line_height":{"unit":"em","size":1.2,"sizes":[]},"h6_typography_typography":"custom","h6_typography_font_family":"Noto Sans","h6_typography_font_size":{"unit":"px","size":16,"sizes":[]},"h6_typography_font_size_tablet":{"unit":"px","size":15,"sizes":[]},"h6_typography_font_size_mobile":{"unit":"px","size":14,"sizes":[]},"h6_typography_font_weight":"600","h6_typography_text_transform":"uppercase","h6_typography_line_height":{"unit":"em","size":1.5,"sizes":[]},"__globals__":{"body_color":"globals\/colors?id=text","body_typography_typography":"","link_normal_color":"globals\/colors?id=primary","link_hover_color":"globals\/colors?id=accent","link_normal_typography_typography":"","h1_typography_typography":"","h2_typography_typography":"","h3_typography_typography":"","h4_typography_typography":"","h5_typography_typography":"","h6_typography_typography":"","button_text_color":"globals\/colors?id=d82685b","button_background_color":"globals\/colors?id=primary","button_typography_typography":"","button_hover_background_color":"globals\/colors?id=accent","button_hover_text_color":"globals\/colors?id=d82685b","form_label_color":"globals\/colors?id=text","form_label_typography_typography":"","form_field_typography_typography":"globals\/typography?id=text","form_field_text_color":"globals\/colors?id=text","form_field_background_color":"globals\/colors?id=d82685b","form_field_border_color":"globals\/colors?id=secondary","form_field_focus_border_color":"globals\/colors?id=accent"},"button_typography_typography":"custom","button_typography_font_family":"Prompt","button_typography_font_weight":"500","button_typography_text_transform":"uppercase","button_typography_line_height":{"unit":"em","size":1.1,"sizes":[]},"button_text_color":"#FFFFFF","button_background_color":"#ED4E09","button_border_radius":{"unit":"px","top":"0","right":"0","bottom":"0","left":"0","isLinked":true},"button_hover_text_color":"#FFFFFF","button_hover_background_color":"#F2991F","button_hover_border_width":{"unit":"px","top":"0","right":"0","bottom":"0","left":"0","isLinked":true},"button_hover_border_radius":{"unit":"px","top":"0","right":"0","bottom":"0","left":"0","isLinked":true},"button_padding":{"unit":"px","top":"20","right":"40","bottom":"20","left":"40","isLinked":false},"form_label_color":"#0D0D0D","form_label_typography_typography":"custom","form_label_typography_font_family":"Prompt","form_label_typography_font_weight":"400","form_label_typography_text_transform":"uppercase","form_label_typography_line_height":{"unit":"em","size":2,"sizes":[]},"form_field_typography_typography":"custom","form_field_typography_font_family":"Noto Sans","form_field_typography_font_weight":"400","form_field_border_border":"solid","form_field_border_width":{"unit":"px","top":"0","right":"0","bottom":"1","left":"0","isLinked":false},"form_field_border_radius":{"unit":"px","top":"0","right":"0","bottom":"0","left":"0","isLinked":true},"form_field_focus_border_border":"solid","form_field_focus_border_width":{"unit":"px","top":"0","right":"0","bottom":"1","left":"0","isLinked":false},"form_field_focus_transition_duration":{"unit":"px","size":3,"sizes":[]},"form_field_padding":{"unit":"px","top":"20","right":"20","bottom":"20","left":"20","isLinked":true},"button_typography_letter_spacing":{"unit":"px","size":0.5,"sizes":[]}},"metadata":{"envato_tk_source_kit":"37","envato_tk_source_index":"0"}}