{"content":[{"id":"a361a40","settings":{"background_background":"classic","background_overlay_background":"classic","background_overlay_image":{"id":397,"url":"https:\/\/kitpapa.net\/towy\/wp-content\/uploads\/2023\/06\/a-portrait-group-photo-of-machanic-team-smiling-in-2022-12-16-03-01-55-utc.jpg","alt":"","source":"library","size":""},"background_overlay_position":"initial","background_overlay_repeat":"no-repeat","background_overlay_size":"cover","background_overlay_opacity":{"unit":"px","size":0.3,"sizes":[]},"margin":{"unit":"px","top":"0","right":0,"bottom":"0","left":0,"isLinked":false},"padding":{"unit":"px","top":"150","right":"0","bottom":"150","left":"0","isLinked":false},"__globals__":{"background_color":"globals\/colors?id=text"},"_title":"Page Banner","padding_tablet":{"unit":"px","top":"120","right":"0","bottom":"120","left":"0","isLinked":false},"padding_mobile":{"unit":"px","top":"90","right":"0","bottom":"90","left":"0","isLinked":false},"background_overlay_position_mobile":"center center","background_overlay_ypos":{"unit":"%","size":24,"sizes":[]},"background_overlay_ypos_tablet":{"unit":"%","size":0,"sizes":[]},"background_overlay_ypos_mobile":{"unit":"%","size":0,"sizes":[]}},"elements":[{"id":"28c546a","settings":{"_column_size":100,"_inline_size":null,"margin":{"unit":"px","top":"0","right":"0","bottom":"0","left":"0","isLinked":false},"padding":{"unit":"px","top":"0","right":"0","bottom":"0","left":"0","isLinked":false},"padding_tablet":{"unit":"px","top":"0","right":"0","bottom":"0","left":"20","isLinked":false},"padding_mobile":{"unit":"px","top":"0","right":"10","bottom":"0","left":"20","isLinked":false}},"elements":[{"id":"725b93cc","settings":{"title":"Single Post","header_size":"h1","__globals__":{"title_color":"globals\/colors?id=primary"},"_animation":"fadeInLeft"},"elements":[],"isInner":false,"widgetType":"heading","elType":"widget"},{"id":"66acc4d0","settings":[],"elements":[],"isInner":false,"widgetType":"spacer","elType":"widget"},{"id":"355313f1","settings":{"width":{"unit":"px","size":100,"sizes":[]},"text":"Divider","weight":{"unit":"px","size":5,"sizes":[]},"gap":{"unit":"px","size":0,"sizes":[]},"__globals__":{"color":"globals\/colors?id=31a16b8"},"_animation":"fadeInLeft","_animation_delay":300},"elements":[],"isInner":false,"widgetType":"divider","elType":"widget"}],"isInner":false,"elType":"column"}],"isInner":false,"elType":"section"},{"id":"47b7f7af","settings":{"structure":"20","margin":{"unit":"px","top":"0","right":0,"bottom":"0","left":0,"isLinked":false},"padding":{"unit":"px","top":"0","right":"0","bottom":"0","left":"0","isLinked":false},"background_background":"classic","background_overlay_opacity":{"unit":"px","size":1,"sizes":[]},"_title":"Call Us","__globals__":{"background_overlay_color":"globals\/colors?id=secondary","background_color":"globals\/colors?id=secondary"}},"elements":[{"id":"257d7df0","settings":{"_column_size":50,"_inline_size":50,"margin":{"unit":"px","top":"0","right":"0","bottom":"0","left":"0","isLinked":false},"padding":{"unit":"px","top":"0","right":"0","bottom":"0","left":"0","isLinked":false},"_inline_size_tablet":35,"hide_mobile":"hidden-phone"},"elements":[],"isInner":false,"elType":"column"},{"id":"71a27e33","settings":{"_column_size":50,"_inline_size":50,"background_background":"classic","background_overlay_background":"classic","background_overlay_image":{"id":245,"url":"https:\/\/kitpapa.net\/towy\/wp-content\/uploads\/2023\/06\/2towy-wheel_2-1.png","alt":"","source":"library","size":""},"background_overlay_position":"top left","background_overlay_repeat":"no-repeat","background_overlay_size":"auto","background_overlay_opacity":{"unit":"px","size":0.15,"sizes":[]},"css_filters_css_filter":"custom","css_filters_saturate":{"unit":"px","size":0,"sizes":[]},"overlay_blend_mode":"multiply","border_radius":{"unit":"px","top":"10","right":"10","bottom":"10","left":"10","isLinked":true},"margin":{"unit":"px","top":"-80","right":"0","bottom":"0","left":"0","isLinked":false},"padding":{"unit":"px","top":"50","right":"40","bottom":"50","left":"40","isLinked":false},"__globals__":{"background_color":"globals\/colors?id=primary"},"_inline_size_tablet":65,"margin_tablet":{"unit":"px","top":"-60","right":"20","bottom":"0","left":"0","isLinked":false},"margin_mobile":{"unit":"px","top":"-50","right":"20","bottom":"0","left":"20","isLinked":false},"padding_mobile":{"unit":"px","top":"30","right":"20","bottom":"30","left":"20","isLinked":false},"animation":"fadeInRight","animation_delay":600},"elements":[{"id":"68e3772e","settings":{"title":"24\/7 emergency towing","header_size":"h4","__globals__":{"title_color":"globals\/colors?id=d82685b"}},"elements":[],"isInner":false,"widgetType":"heading","elType":"widget"},{"id":"786d9632","settings":{"space":{"unit":"px","size":10,"sizes":[]}},"elements":[],"isInner":false,"widgetType":"spacer","elType":"widget"},{"id":"4dd7e042","settings":{"title":"(800) 120-667-599","__globals__":{"title_color":"globals\/colors?id=d82685b"}},"elements":[],"isInner":false,"widgetType":"heading","elType":"widget"}],"isInner":false,"elType":"column"}],"isInner":false,"elType":"section"},{"id":"5ed3ea34","settings":{"structure":"30","background_background":"classic","margin":{"unit":"px","top":"0","right":0,"bottom":"0","left":0,"isLinked":false},"padding":{"unit":"px","top":"100","right":"0","bottom":"100","left":"0","isLinked":false},"__globals__":{"background_color":"globals\/colors?id=secondary"},"_title":"Text 2Col","padding_tablet":{"unit":"px","top":"80","right":"0","bottom":"80","left":"0","isLinked":false},"padding_mobile":{"unit":"px","top":"60","right":"0","bottom":"60","left":"0","isLinked":false}},"elements":[{"id":"64c5ebd","settings":{"_column_size":33,"_inline_size":10,"margin":{"unit":"px","top":"0","right":"0","bottom":"0","left":"0","isLinked":false},"padding":{"unit":"px","top":"0","right":"0","bottom":"0","left":"0","isLinked":false}},"elements":[],"isInner":false,"elType":"column"},{"id":"767a069e","settings":{"_column_size":33,"_inline_size":79.332,"background_background":"classic","margin":{"unit":"px","top":"0","right":"0","bottom":"0","left":"0","isLinked":false},"padding":{"unit":"px","top":"0","right":"0","bottom":"0","left":"0","isLinked":false},"padding_mobile":{"unit":"px","top":"0","right":"20","bottom":"0","left":"20","isLinked":false}},"elements":[{"id":"2db045be","settings":{"align":"center","__globals__":{"title_color":"globals\/colors?id=d82685b"}},"elements":[],"isInner":false,"widgetType":"page-title","elType":"widget"},{"id":"3f147d09","settings":{"space":{"unit":"px","size":30,"sizes":[]}},"elements":[],"isInner":false,"widgetType":"spacer","elType":"widget"},{"id":"2c5f8f63","settings":{"width":{"unit":"px","size":60,"sizes":[]},"text":"Divider","weight":{"unit":"px","size":5,"sizes":[]},"gap":{"unit":"px","size":0,"sizes":[]},"__globals__":{"color":"globals\/colors?id=31a16b8"},"align":"center","_animation":"fadeInLeft"},"elements":[],"isInner":false,"widgetType":"divider","elType":"widget"},{"id":"4fa0fbcc","settings":{"space":{"unit":"px","size":40,"sizes":[]}},"elements":[],"isInner":false,"widgetType":"spacer","elType":"widget"},{"id":"2da49a42","settings":{"structure":"20","margin":{"unit":"px","top":"0","right":0,"bottom":"0","left":0,"isLinked":false},"padding":{"unit":"px","top":"0","right":"0","bottom":"0","left":"0","isLinked":false}},"elements":[{"id":"31da083b","settings":{"_column_size":50,"_inline_size":null,"margin":{"unit":"px","top":"0","right":"0","bottom":"0","left":"0","isLinked":false},"padding":{"unit":"px","top":"0","right":"25","bottom":"0","left":"0","isLinked":false},"padding_mobile":{"unit":"px","top":"0","right":"0","bottom":"30","left":"0","isLinked":false}},"elements":[{"id":"418eddab","settings":{"title":"Lorem ipsum dolor sit amet","header_size":"h4","__globals__":{"title_color":"globals\/colors?id=d82685b"},"align_mobile":"center"},"elements":[],"isInner":false,"widgetType":"heading","elType":"widget"},{"id":"2bb78887","settings":{"space":{"unit":"px","size":10,"sizes":[]}},"elements":[],"isInner":false,"widgetType":"spacer","elType":"widget"},{"id":"3bc5c49","settings":{"editor":"<p>Lorem ipsum dolor sit amet, consectetur adipiscing elit. Maecenas posuere accumsan laoreet. Donec id sem quam. Mauris pulvinar magna nec odio iaculis tristique. Morbi ex mi, auctor vestibulum ultricies ac, facilisis ac ipsum. Nullam commodo consequat augue, id cursus nisl. Duis lobortis sodales velit, quis maximus urna commodo ultricies. Nam hendrerit dui erat. Donec eu consequat augue. Mauris quis elit dignissim, lacinia odio lacinia, eleifend lorem.<\/p>","__globals__":{"text_color":"globals\/colors?id=d82685b","typography_typography":"globals\/typography?id=text"},"align":"justify"},"elements":[],"isInner":false,"widgetType":"text-editor","elType":"widget"}],"isInner":true,"elType":"column"},{"id":"6f658afe","settings":{"_column_size":50,"_inline_size":null,"margin":{"unit":"px","top":"0","right":"0","bottom":"0","left":"0","isLinked":false},"padding":{"unit":"px","top":"0","right":"0","bottom":"0","left":"25","isLinked":false},"padding_mobile":{"unit":"px","top":"0","right":"0","bottom":"0","left":"0","isLinked":false}},"elements":[{"id":"4d18092c","settings":{"title":"Sed rhoncus velit tempor","header_size":"h4","__globals__":{"title_color":"globals\/colors?id=d82685b"},"align_mobile":"center"},"elements":[],"isInner":false,"widgetType":"heading","elType":"widget"},{"id":"4859eae0","settings":{"space":{"unit":"px","size":10,"sizes":[]}},"elements":[],"isInner":false,"widgetType":"spacer","elType":"widget"},{"id":"4c88f343","settings":{"editor":"<p>Nulla ex ipsum, placerat eu neque in, accumsan porta elit. Quisque aliquam pellentesque ornare. Phasellus dapibus at eros eu ultricies. Proin vehicula viverra rhoncus. Curabitur congue purus eu sapien mollis vulputate. Pellentesque ornare semper turpis, eu viverra ex semper a. Mauris id aliquet mauris. Praesent ut tortor ut neque pharetra efficitur nec ac quam. Praesent eget aliquam lectus. Nullam in iaculis enim, et dignissim odio. Proin auctor neque arcu, non semper ante mattis fringilla.<\/p>","__globals__":{"text_color":"globals\/colors?id=d82685b","typography_typography":"globals\/typography?id=text"},"align":"justify"},"elements":[],"isInner":false,"widgetType":"text-editor","elType":"widget"}],"isInner":true,"elType":"column"}],"isInner":true,"elType":"section"}],"isInner":false,"elType":"column"},{"id":"500eaa87","settings":{"_column_size":33,"_inline_size":10,"margin":{"unit":"px","top":"0","right":"0","bottom":"0","left":"0","isLinked":false},"padding":{"unit":"px","top":"0","right":"0","bottom":"0","left":"0","isLinked":false}},"elements":[],"isInner":false,"elType":"column"}],"isInner":false,"elType":"section"},{"id":"4dfe87d2","settings":{"structure":"30","background_background":"classic","background_overlay_background":"classic","background_overlay_image":{"id":"111","url":"https:\/\/kitpapa.net\/towy\/wp-content\/uploads\/2023\/06\/towing-truck-outdoor-pressure-washing-G45VA5F.jpg"},"background_overlay_position":"center center","background_overlay_attachment":"fixed","background_overlay_repeat":"no-repeat","background_overlay_size":"cover","background_overlay_opacity":{"unit":"px","size":0.1,"sizes":[]},"margin":{"unit":"px","top":"0","right":0,"bottom":"0","left":0,"isLinked":false},"padding":{"unit":"px","top":"100","right":"0","bottom":"160","left":"0","isLinked":false},"__globals__":{"background_color":"globals\/colors?id=primary"},"padding_tablet":{"unit":"px","top":"80","right":"0","bottom":"80","left":"0","isLinked":false},"padding_mobile":{"unit":"px","top":"60","right":"0","bottom":"60","left":"0","isLinked":false},"_title":"Divider Banner","animation":"none"},"elements":[{"id":"6e4e546","settings":{"_column_size":33,"_inline_size":10,"margin":{"unit":"px","top":"0","right":"0","bottom":"0","left":"0","isLinked":false},"padding":{"unit":"px","top":"0","right":"0","bottom":"0","left":"0","isLinked":false}},"elements":[],"isInner":false,"elType":"column"},{"id":"15764018","settings":{"_column_size":33,"_inline_size":79.332,"margin":{"unit":"px","top":"0","right":"0","bottom":"0","left":"0","isLinked":false},"padding":{"unit":"px","top":"0","right":"0","bottom":"0","left":"0","isLinked":false},"padding_mobile":{"unit":"px","top":"0","right":"20","bottom":"0","left":"20","isLinked":false}},"elements":[{"id":"6e6a5a60","settings":{"title":"Quisque eleifend sed","header_size":"h4","__globals__":{"title_color":"globals\/colors?id=d82685b"},"align":"center"},"elements":[],"isInner":false,"widgetType":"heading","elType":"widget"},{"id":"7047a9f5","settings":{"space":{"unit":"px","size":10,"sizes":[]}},"elements":[],"isInner":false,"widgetType":"spacer","elType":"widget"},{"id":"24a88187","settings":{"title":"Class aptent taciti sociosqu","align":"center","__globals__":{"title_color":"globals\/colors?id=d82685b"},"header_size":"h3"},"elements":[],"isInner":false,"widgetType":"heading","elType":"widget"},{"id":"42582442","settings":{"space":{"unit":"px","size":30,"sizes":[]}},"elements":[],"isInner":false,"widgetType":"spacer","elType":"widget"},{"id":"49d0d713","settings":{"editor":"<p>Nulla ex ipsum, placerat eu neque in, accumsan porta elit. Quisque aliquam pellentesque ornare. Phasellus dapibus at eros eu ultricies. Proin vehicula viverra rhoncus. Curabitur congue purus eu sapien mollis vulputate. Pellentesque ornare semper turpis, eu viverra ex semper a. Mauris id aliquet mauris. Praesent ut tortor ut neque pharetra efficitur nec ac quam. Praesent eget aliquam lectus. Nullam in iaculis enim, et dignissim odio. Proin auctor neque arcu, non semper ante mattis fringilla.<\/p><p>Pellentesque habitant morbi tristique senectus et netus et malesuada fames ac turpis egestas. Suspendisse feugiat ex nibh, cursus mollis nunc semper quis. Morbi maximus mi vitae nisl scelerisque mattis. Vivamus eu odio in sem tincidunt porta. Nullam libero massa, volutpat vitae nisl ut, condimentum ullamcorper elit. Mauris quis nulla eu odio consequat dignissim. Maecenas quis eros urna.<\/p>","__globals__":{"text_color":"globals\/colors?id=d82685b","typography_typography":"globals\/typography?id=text"},"align":"justify"},"elements":[],"isInner":false,"widgetType":"text-editor","elType":"widget"}],"isInner":false,"elType":"column"},{"id":"7641c139","settings":{"_column_size":33,"_inline_size":10,"margin":{"unit":"px","top":"0","right":"0","bottom":"0","left":"0","isLinked":false},"padding":{"unit":"px","top":"0","right":"0","bottom":"0","left":"0","isLinked":false}},"elements":[],"isInner":false,"elType":"column"}],"isInner":false,"elType":"section"},{"id":"2c3c5eee","settings":{"structure":"20","background_background":"classic","margin":{"unit":"px","top":"0","right":0,"bottom":"0","left":0,"isLinked":false},"padding":{"unit":"px","top":"0","right":"0","bottom":"100","left":"0","isLinked":false},"padding_tablet":{"unit":"px","top":"80","right":"0","bottom":"80","left":"0","isLinked":false},"padding_mobile":{"unit":"px","top":"60","right":"0","bottom":"60","left":"0","isLinked":false},"__globals__":{"background_color":"globals\/colors?id=secondary"},"_title":"Image Paragraph","reverse_order_mobile":"reverse-mobile"},"elements":[{"id":"63087744","settings":{"_column_size":50,"_inline_size":50,"content_position":"center","margin":{"unit":"px","top":"0","right":"0","bottom":"0","left":"0","isLinked":false},"padding":{"unit":"px","top":"0","right":"0","bottom":"0","left":"0","isLinked":false}},"elements":[{"id":"3964646c","settings":{"structure":"20","margin":{"unit":"px","top":"0","right":0,"bottom":"0","left":0,"isLinked":false},"padding":{"unit":"px","top":"0","right":"0","bottom":"0","left":"0","isLinked":false}},"elements":[{"id":"49d2105","settings":{"_column_size":50,"_inline_size":20,"margin":{"unit":"px","top":"0","right":"0","bottom":"0","left":"0","isLinked":false},"padding":{"unit":"px","top":"0","right":"0","bottom":"0","left":"0","isLinked":false}},"elements":[],"isInner":true,"elType":"column"},{"id":"5a348b77","settings":{"_column_size":50,"_inline_size":80,"margin":{"unit":"px","top":"0","right":"0","bottom":"0","left":"0","isLinked":false},"padding":{"unit":"px","top":"0","right":"50","bottom":"0","left":"0","isLinked":false},"padding_tablet":{"unit":"px","top":"0","right":"40","bottom":"0","left":"0","isLinked":false},"padding_mobile":{"unit":"px","top":"0","right":"20","bottom":"0","left":"20","isLinked":false}},"elements":[{"id":"5edf65a1","settings":{"space":{"unit":"px","size":100,"sizes":[]},"space_tablet":{"unit":"px","size":0,"sizes":[]}},"elements":[],"isInner":false,"widgetType":"spacer","elType":"widget"},{"id":"3484bcbe","settings":{"title":"Quisque eleifend sed","header_size":"h4","__globals__":{"title_color":"globals\/colors?id=d82685b"},"align_mobile":"center"},"elements":[],"isInner":false,"widgetType":"heading","elType":"widget"},{"id":"59efb34","settings":{"space":{"unit":"px","size":10,"sizes":[]}},"elements":[],"isInner":false,"widgetType":"spacer","elType":"widget"},{"id":"60b38e45","settings":{"editor":"<p>Lorem ipsum dolor sit amet, consectetur adipiscing elit. Morbi efficitur mattis ligula, blandit egestas felis tristique euismod. Pellentesque metus nulla, ullamcorper vestibulum elementum id, pellentesque dignissim nisi. Sed ullamcorper eros quis arcu fermentum bibendum. Duis blandit dolor nec facilisis sollicitudin. Pellentesque in venenatis justo, ac luctus diam. Curabitur eget pulvinar quam.<\/p><p>In hac habitasse platea dictumst. Suspendisse potenti. Pellentesque porttitor commodo risus quis fringilla. Nulla diam est, consequat sed facilisis non, ultricies non justo. In hac habitasse platea dictumst.<\/p>","__globals__":{"text_color":"globals\/colors?id=d82685b","typography_typography":"globals\/typography?id=text"},"align":"justify"},"elements":[],"isInner":false,"widgetType":"text-editor","elType":"widget"}],"isInner":true,"elType":"column"}],"isInner":true,"elType":"section"}],"isInner":false,"elType":"column"},{"id":"76842003","settings":{"_column_size":50,"_inline_size":50,"margin":{"unit":"px","top":"-80","right":"0","bottom":"0","left":"0","isLinked":false},"margin_tablet":{"unit":"px","top":"0","right":"0","bottom":"0","left":"0","isLinked":false},"margin_mobile":{"unit":"px","top":"0","right":"0","bottom":"0","left":"0","isLinked":false},"padding":{"unit":"px","top":"0","right":"0","bottom":"0","left":"0","isLinked":false},"padding_mobile":{"unit":"px","top":"0","right":"20","bottom":"50","left":"20","isLinked":false},"padding_tablet":{"unit":"px","top":"0","right":"20","bottom":"0","left":"0","isLinked":false},"animation":"fadeInRight"},"elements":[{"id":"57c30660","settings":{"image":{"id":352,"url":"https:\/\/kitpapa.net\/towy\/wp-content\/uploads\/2023\/06\/garage-motor-maintenance-mechanic-fixing-spare-con-2022-12-15-22-55-34-utc.jpg","alt":"","source":"library","size":""},"image_size":"custom","image_custom_dimension":{"width":"600","height":"500"},"align":"left","css_filters_css_filter":"custom","css_filters_saturate":{"unit":"px","size":75,"sizes":[]}},"elements":[],"isInner":false,"widgetType":"image","elType":"widget"}],"isInner":false,"elType":"column"}],"isInner":false,"elType":"section"},{"id":"20b215f3","settings":{"structure":"20","background_background":"classic","margin":{"unit":"px","top":"0","right":0,"bottom":"0","left":0,"isLinked":false},"padding":{"unit":"px","top":"100","right":"0","bottom":"100","left":"0","isLinked":false},"padding_tablet":{"unit":"px","top":"80","right":"0","bottom":"80","left":"0","isLinked":false},"padding_mobile":{"unit":"px","top":"60","right":"0","bottom":"60","left":"0","isLinked":false},"__globals__":{"background_color":"globals\/colors?id=text"},"_title":"Video Paragraph"},"elements":[{"id":"13112058","settings":{"_column_size":50,"_inline_size":50,"margin":{"unit":"px","top":"0","right":"0","bottom":"0","left":"0","isLinked":false},"margin_tablet":{"unit":"px","top":"0","right":"0","bottom":"0","left":"0","isLinked":false},"margin_mobile":{"unit":"px","top":"0","right":"0","bottom":"0","left":"0","isLinked":false},"padding":{"unit":"px","top":"0","right":"0","bottom":"0","left":"0","isLinked":false},"padding_mobile":{"unit":"px","top":"0","right":"20","bottom":"50","left":"20","isLinked":false},"padding_tablet":{"unit":"px","top":"0","right":"0","bottom":"0","left":"20","isLinked":false},"animation":"fadeInLeft"},"elements":[{"id":"c7fa82a","settings":{"youtube_url":"https:\/\/www.youtube.com\/watch?v=XHOmBV4js_E","vimeo_url":"https:\/\/vimeo.com\/235215203","dailymotion_url":"https:\/\/www.dailymotion.com\/video\/x6tqhqb","image_overlay":{"id":117,"url":"https:\/\/kitpapa.net\/towy\/wp-content\/uploads\/2023\/06\/placeholder.png"}},"elements":[],"isInner":false,"widgetType":"video","elType":"widget"}],"isInner":false,"elType":"column"},{"id":"574ad005","settings":{"_column_size":50,"_inline_size":50,"content_position":"center","margin":{"unit":"px","top":"0","right":"0","bottom":"0","left":"0","isLinked":false},"padding":{"unit":"px","top":"0","right":"0","bottom":"0","left":"0","isLinked":false}},"elements":[{"id":"69a48e56","settings":{"structure":"20","margin":{"unit":"px","top":"0","right":0,"bottom":"0","left":0,"isLinked":false},"padding":{"unit":"px","top":"0","right":"0","bottom":"0","left":"0","isLinked":false}},"elements":[{"id":"5f057614","settings":{"_column_size":50,"_inline_size":80,"margin":{"unit":"px","top":"0","right":"0","bottom":"0","left":"0","isLinked":false},"padding":{"unit":"px","top":"0","right":"0","bottom":"0","left":"50","isLinked":false},"padding_tablet":{"unit":"px","top":"0","right":"0","bottom":"0","left":"40","isLinked":false},"padding_mobile":{"unit":"px","top":"0","right":"20","bottom":"0","left":"20","isLinked":false}},"elements":[{"id":"1df94e3c","settings":{"title":"Aliquam purus turpis","header_size":"h4","__globals__":{"title_color":"globals\/colors?id=d82685b"},"align_mobile":"center"},"elements":[],"isInner":false,"widgetType":"heading","elType":"widget"},{"id":"4c39c907","settings":{"space":{"unit":"px","size":10,"sizes":[]}},"elements":[],"isInner":false,"widgetType":"spacer","elType":"widget"},{"id":"38983b14","settings":{"editor":"<p>Nulla viverra, magna eu dignissim, dui leo ullamcorper lacus, non ullamcorper ipsum lacus.\u00a0 Integer semper lectus sit amet nisl rutrum, id laoreet diam placerat.<\/p><p>Vestibulum placerat turpis eget molestie vulputate. Sed imperdiet enim eu pulvinar tincidunt. Duis tempor mollis lacinia. Sed vestibulum lacus at sapien fringilla hendrerit. Integer tempor lorem eu erat facilisis, a volutpat velit tincidunt. Maecenas dui sem, consequat a magna nec, varius finibus tortor.<\/p>","__globals__":{"text_color":"globals\/colors?id=d82685b","typography_typography":"globals\/typography?id=text"},"align":"justify"},"elements":[],"isInner":false,"widgetType":"text-editor","elType":"widget"}],"isInner":true,"elType":"column"},{"id":"6b769c00","settings":{"_column_size":50,"_inline_size":20,"margin":{"unit":"px","top":"0","right":"0","bottom":"0","left":"0","isLinked":false},"padding":{"unit":"px","top":"0","right":"0","bottom":"0","left":"0","isLinked":false}},"elements":[],"isInner":true,"elType":"column"}],"isInner":true,"elType":"section"}],"isInner":false,"elType":"column"}],"isInner":false,"elType":"section"},{"id":"35727d19","settings":{"structure":"30","background_background":"classic","margin":{"unit":"px","top":"0","right":0,"bottom":"0","left":0,"isLinked":false},"padding":{"unit":"px","top":"100","right":"0","bottom":"160","left":"0","isLinked":false},"__globals__":{"background_color":"globals\/colors?id=31b7c84"},"_title":"Divider Banner","padding_tablet":{"unit":"px","top":"80","right":"0","bottom":"120","left":"0","isLinked":false},"padding_mobile":{"unit":"px","top":"60","right":"0","bottom":"90","left":"0","isLinked":false},"background_overlay_background":"classic","background_overlay_image":{"id":217,"url":"https:\/\/kitpapa.net\/towy\/wp-content\/uploads\/2023\/06\/male-road-worker-monitoring-car-loading-process-2022-02-16-17-24-50-utc-1.jpg","alt":"","source":"library","size":""},"background_overlay_position":"center center","background_overlay_repeat":"no-repeat","background_overlay_size":"cover","background_overlay_opacity":{"unit":"px","size":0.1,"sizes":[]},"css_filters_css_filter":"custom","css_filters_saturate":{"unit":"px","size":0,"sizes":[]},"background_overlay_attachment":"fixed"},"elements":[{"id":"5ce5a4e6","settings":{"_column_size":33,"_inline_size":10,"margin":{"unit":"px","top":"0","right":"0","bottom":"0","left":"0","isLinked":false},"padding":{"unit":"px","top":"0","right":"0","bottom":"0","left":"0","isLinked":false}},"elements":[],"isInner":false,"elType":"column"},{"id":"6931db87","settings":{"_column_size":33,"_inline_size":79.332,"background_background":"classic","margin":{"unit":"px","top":"0","right":"0","bottom":"0","left":"0","isLinked":false},"padding":{"unit":"px","top":"0","right":"0","bottom":"0","left":"0","isLinked":false},"padding_mobile":{"unit":"px","top":"0","right":"20","bottom":"0","left":"20","isLinked":false}},"elements":[{"id":"5301844b","settings":{"title":"Afterwords","__globals__":{"title_color":"globals\/colors?id=d82685b"},"align":"center","header_size":"h3"},"elements":[],"isInner":false,"widgetType":"heading","elType":"widget"},{"id":"72e70ab3","settings":{"space":{"unit":"px","size":30,"sizes":[]}},"elements":[],"isInner":false,"widgetType":"spacer","elType":"widget"},{"id":"5b89e965","settings":{"title":"Donec finibus ex id neque consectetur, sit amet pharetra nisi facilisis. Fusce elementum enim ut molestie mollis.","header_size":"h4","__globals__":{"title_color":"globals\/colors?id=d82685b"},"align_mobile":"center","align":"center"},"elements":[],"isInner":false,"widgetType":"heading","elType":"widget"}],"isInner":false,"elType":"column"},{"id":"52fcbce8","settings":{"_column_size":33,"_inline_size":10,"margin":{"unit":"px","top":"0","right":"0","bottom":"0","left":"0","isLinked":false},"padding":{"unit":"px","top":"0","right":"0","bottom":"0","left":"0","isLinked":false}},"elements":[],"isInner":false,"elType":"column"}],"isInner":false,"elType":"section"}],"settings":{"template":"elementor_header_footer","eael_ext_toc_title":"Table of Contents"},"metadata":[]}